path,label
"./images/peascription-out/images/plant/col12row21-orig-1-629,5639-693,5703.jpg",1
"./images/peascription-out/images/plant/col12row21-orig-1-680,5636-744,5700.jpg",1
"./images/peascription-out/images/plant/col12row21-orig-1-887,5543-951,5607.jpg",1
"./images/peascription-out/images/plant/col12row21-orig-1-615,5505-679,5569.jpg",1
"./images/peascription-out/images/plant/col12row21-orig-1-1173,5485-1237,5549.jpg",1
"./images/peascription-out/images/plant/col12row21-orig-1-1663,5404-1727,5468.jpg",1
"./images/peascription-out/images/plant/col12row21-orig-1-1151,5397-1215,5461.jpg",1
"./images/peascription-out/images/plant/col12row21-orig-1-632,5320-696,5384.jpg",1
"./images/peascription-out/images/plant/col12row21-orig-1-1628,5303-1692,5367.jpg",1
"./images/peascription-out/images/plant/col12row21-orig-1-630,5237-694,5301.jpg",1
"./images/peascription-out/images/plant/col12row21-orig-1-636,5169-700,5233.jpg",1
"./images/peascription-out/images/plant/col12row21-orig-1-890,5155-954,5219.jpg",1
"./images/peascription-out/images/plant/col12row21-orig-1-1655,5100-1719,5164.jpg",1
"./images/peascription-out/images/plant/col12row21-orig-1-643,5084-707,5148.jpg",1
"./images/peascription-out/images/plant/col12row21-orig-1-1177,5071-1241,5135.jpg",1
"./images/peascription-out/images/plant/col12row21-orig-1-1641,5034-1705,5098.jpg",1
"./images/peascription-out/images/plant/col12row21-orig-1-640,5005-704,5069.jpg",1
"./images/peascription-out/images/plant/col12row21-orig-1-1415,4983-1479,5047.jpg",1
"./images/peascription-out/images/plant/col12row21-orig-1-1134,4988-1198,5052.jpg",1
"./images/peascription-out/images/plant/col12row21-orig-1-861,4975-925,5039.jpg",1
"./images/peascription-out/images/plant/col12row21-orig-1-909,4942-973,5006.jpg",1
"./images/peascription-out/images/plant/col12row21-orig-1-1643,4922-1707,4986.jpg",1
"./images/peascription-out/images/plant/col12row21-orig-1-1092,4886-1156,4950.jpg",1
"./images/peascription-out/images/plant/col12row21-orig-1-1171,4873-1235,4937.jpg",1
"./images/peascription-out/images/plant/col12row21-orig-1-654,4832-718,4896.jpg",1
"./images/peascription-out/images/plant/col12row21-orig-1-412,4833-476,4897.jpg",1
"./images/peascription-out/images/plant/col12row21-orig-1-887,4814-951,4878.jpg",1
"./images/peascription-out/images/plant/col12row21-orig-1-1183,4806-1247,4870.jpg",1
"./images/peascription-out/images/plant/col12row21-orig-1-414,4719-478,4783.jpg",1
"./images/peascription-out/images/plant/col12row21-orig-1-374,4720-438,4784.jpg",1
"./images/peascription-out/images/plant/col12row21-orig-1-882,4708-946,4772.jpg",1
"./images/peascription-out/images/plant/col12row21-orig-1-1178,4676-1242,4740.jpg",1
"./images/peascription-out/images/plant/col12row21-orig-1-926,4644-990,4708.jpg",1
"./images/peascription-out/images/plant/col12row21-orig-1-1642,4615-1706,4679.jpg",1
"./images/peascription-out/images/plant/col12row21-orig-1-906,4586-970,4650.jpg",1
"./images/peascription-out/images/plant/col12row21-orig-1-879,4571-943,4635.jpg",1
"./images/peascription-out/images/plant/col12row21-orig-1-621,4542-685,4606.jpg",1
"./images/peascription-out/images/plant/col12row21-orig-1-394,4533-458,4597.jpg",1
"./images/peascription-out/images/plant/col12row21-orig-1-904,4530-968,4594.jpg",1
"./images/peascription-out/images/plant/col12row21-orig-1-1163,4501-1227,4565.jpg",1
"./images/peascription-out/images/plant/col12row21-orig-1-660,4495-724,4559.jpg",1
"./images/peascription-out/images/plant/col12row21-orig-1-1644,4500-1708,4564.jpg",1
"./images/peascription-out/images/plant/col12row21-orig-1-1419,4475-1483,4539.jpg",1
"./images/peascription-out/images/plant/col12row21-orig-1-380,4453-444,4517.jpg",1
"./images/peascription-out/images/plant/col12row21-orig-1-655,4447-719,4511.jpg",1
"./images/peascription-out/images/plant/col12row21-orig-1-881,4406-945,4470.jpg",1
"./images/peascription-out/images/plant/col12row21-orig-1-1170,4390-1234,4454.jpg",1
"./images/peascription-out/images/plant/col12row21-orig-1-1392,4380-1456,4444.jpg",1
"./images/peascription-out/images/plant/col12row21-orig-1-898,4383-962,4447.jpg",1
"./images/peascription-out/images/plant/col12row21-orig-1-670,4374-734,4438.jpg",1
"./images/peascription-out/images/plant/col12row21-orig-1-1636,4344-1700,4408.jpg",1
"./images/peascription-out/images/plant/col12row21-orig-1-1406,4211-1470,4275.jpg",1
"./images/peascription-out/images/plant/col12row21-orig-1-655,4197-719,4261.jpg",1
"./images/peascription-out/images/plant/col12row21-orig-1-1161,4202-1225,4266.jpg",1
"./images/peascription-out/images/plant/col12row21-orig-1-385,4176-449,4240.jpg",1
"./images/peascription-out/images/plant/col12row21-orig-1-1396,4140-1460,4204.jpg",1
"./images/peascription-out/images/plant/col12row21-orig-1-630,4106-694,4170.jpg",1
"./images/peascription-out/images/plant/col12row21-orig-1-871,4094-935,4158.jpg",1
"./images/peascription-out/images/plant/col12row21-orig-1-1198,4035-1262,4099.jpg",1
"./images/peascription-out/images/plant/col12row21-orig-1-1426,3973-1490,4037.jpg",1
"./images/peascription-out/images/plant/col12row21-orig-1-1663,3942-1727,4006.jpg",1
"./images/peascription-out/images/plant/col12row21-orig-1-1408,3888-1472,3952.jpg",1
"./images/peascription-out/images/plant/col12row21-orig-1-1156,3838-1220,3902.jpg",1
"./images/peascription-out/images/plant/col12row21-orig-1-395,3829-459,3893.jpg",1
"./images/peascription-out/images/plant/col12row21-orig-1-911,3743-975,3807.jpg",1
"./images/peascription-out/images/plant/col12row21-orig-1-382,3730-446,3794.jpg",1
"./images/peascription-out/images/plant/col12row21-orig-1-1406,3566-1470,3630.jpg",1
"./images/peascription-out/images/plant/col12row21-orig-1-1634,3547-1698,3611.jpg",1
"./images/peascription-out/images/plant/col12row21-orig-1-666,3515-730,3579.jpg",1
"./images/peascription-out/images/plant/col12row21-orig-1-643,3462-707,3526.jpg",1
"./images/peascription-out/images/plant/col12row21-orig-1-1633,3468-1697,3532.jpg",1
"./images/peascription-out/images/plant/col12row21-orig-1-393,3465-457,3529.jpg",1
"./images/peascription-out/images/plant/col12row21-orig-1-1148,3396-1212,3460.jpg",1
"./images/peascription-out/images/plant/col12row21-orig-1-1205,3373-1269,3437.jpg",1
"./images/peascription-out/images/plant/col12row21-orig-1-394,3375-458,3439.jpg",1
"./images/peascription-out/images/plant/col12row21-orig-1-892,3354-956,3418.jpg",1
"./images/peascription-out/images/plant/col12row21-orig-1-1149,3332-1213,3396.jpg",1
"./images/peascription-out/images/plant/col12row21-orig-1-1650,3305-1714,3369.jpg",1
"./images/peascription-out/images/plant/col12row21-orig-1-1157,3081-1221,3145.jpg",1
"./images/peascription-out/images/plant/col12row21-orig-1-1651,3063-1715,3127.jpg",1
"./images/peascription-out/images/plant/col12row21-orig-1-395,3047-459,3111.jpg",1
"./images/peascription-out/images/plant/col12row21-orig-1-903,3043-967,3107.jpg",1
"./images/peascription-out/images/plant/col12row21-orig-1-908,2864-972,2928.jpg",1
"./images/peascription-out/images/plant/col12row21-orig-1-1668,2850-1732,2914.jpg",1
"./images/peascription-out/images/plant/col12row21-orig-1-1207,2725-1271,2789.jpg",1
"./images/peascription-out/images/plant/col12row21-orig-1-377,2706-441,2770.jpg",1
"./images/peascription-out/images/plant/col12row21-orig-1-1143,2698-1207,2762.jpg",1
"./images/peascription-out/images/plant/col12row21-orig-1-1400,2676-1464,2740.jpg",1
"./images/peascription-out/images/plant/col12row21-orig-1-635,2656-699,2720.jpg",1
"./images/peascription-out/images/plant/col12row21-orig-1-1645,2636-1709,2700.jpg",1
"./images/peascription-out/images/plant/col12row21-orig-1-1709,2588-1773,2652.jpg",1
"./images/peascription-out/images/plant/col12row21-orig-1-1646,2571-1710,2635.jpg",1
"./images/peascription-out/images/plant/col12row21-orig-1-414,2546-478,2610.jpg",1
"./images/peascription-out/images/plant/col12row21-orig-1-907,2546-971,2610.jpg",1
"./images/peascription-out/images/plant/col12row21-orig-1-386,2480-450,2544.jpg",1
"./images/peascription-out/images/plant/col12row21-orig-1-1417,2466-1481,2530.jpg",1
"./images/peascription-out/images/plant/col12row21-orig-1-1413,2408-1477,2472.jpg",1
"./images/peascription-out/images/plant/col12row21-orig-1-684,2349-748,2413.jpg",1
"./images/peascription-out/images/plant/col12row21-orig-1-1414,2295-1478,2359.jpg",1
"./images/peascription-out/images/plant/col12row21-orig-1-389,2245-453,2309.jpg",1
"./images/peascription-out/images/plant/col12row21-orig-1-1165,2212-1229,2276.jpg",1
"./images/peascription-out/images/plant/col12row21-orig-1-1415,2174-1479,2238.jpg",1
"./images/peascription-out/images/plant/col12row21-orig-1-672,2107-736,2171.jpg",1
"./images/peascription-out/images/plant/col12row21-orig-1-1146,2100-1210,2164.jpg",1
"./images/peascription-out/images/plant/col12row21-orig-1-386,2048-450,2112.jpg",1
"./images/peascription-out/images/plant/col12row21-orig-1-649,2029-713,2093.jpg",1
"./images/peascription-out/images/plant/col12row21-orig-1-1162,2015-1226,2079.jpg",1
"./images/peascription-out/images/plant/col12row21-orig-1-898,2010-962,2074.jpg",1
"./images/peascription-out/images/plant/col12row21-orig-1-1422,1946-1486,2010.jpg",1
"./images/peascription-out/images/plant/col12row21-orig-1-1159,1926-1223,1990.jpg",1
"./images/peascription-out/images/plant/col12row21-orig-1-1646,1872-1710,1936.jpg",1
"./images/peascription-out/images/plant/col12row21-orig-1-1136,1866-1200,1930.jpg",1
"./images/peascription-out/images/plant/col12row21-orig-1-390,1827-454,1891.jpg",1
"./images/peascription-out/images/plant/col12row21-orig-1-1648,1804-1712,1868.jpg",1
"./images/peascription-out/images/plant/col12row21-orig-1-1414,1797-1478,1861.jpg",1
"./images/peascription-out/images/plant/col12row21-orig-1-873,1759-937,1823.jpg",1
"./images/peascription-out/images/plant/col12row21-orig-1-1690,1747-1754,1811.jpg",1
"./images/peascription-out/images/plant/col12row21-orig-1-415,1727-479,1791.jpg",1
"./images/peascription-out/images/plant/col12row21-orig-1-1443,1716-1507,1780.jpg",1
"./images/peascription-out/images/plant/col12row21-orig-1-645,1719-709,1783.jpg",1
"./images/peascription-out/images/plant/col12row21-orig-1-1401,1671-1465,1735.jpg",1
"./images/peascription-out/images/plant/col12row21-orig-1-890,1613-954,1677.jpg",1
"./images/peascription-out/images/plant/col12row21-orig-1-395,1519-459,1583.jpg",1
"./images/peascription-out/images/plant/col12row21-orig-1-1648,1522-1712,1586.jpg",1
"./images/peascription-out/images/plant/col12row21-orig-1-1155,1492-1219,1556.jpg",1
"./images/peascription-out/images/plant/col12row21-orig-1-1649,1429-1713,1493.jpg",1
"./images/peascription-out/images/plant/col12row21-orig-1-1651,1365-1715,1429.jpg",1
"./images/peascription-out/images/plant/col12row21-orig-1-1149,1361-1213,1425.jpg",1
"./images/peascription-out/images/plant/col12row21-orig-1-930,1345-994,1409.jpg",1
"./images/peascription-out/images/plant/col12row21-orig-1-396,1235-460,1299.jpg",1
"./images/peascription-out/images/plant/col12row21-orig-1-1410,1222-1474,1286.jpg",1
"./images/peascription-out/images/plant/col12row21-orig-1-1169,1174-1233,1238.jpg",1
"./images/peascription-out/images/plant/col12row21-orig-1-375,1163-439,1227.jpg",1
"./images/peascription-out/images/plant/col12row21-orig-1-874,1157-938,1221.jpg",1
"./images/peascription-out/images/plant/col12row21-orig-1-627,1098-691,1162.jpg",1
"./images/peascription-out/images/plant/col12row21-orig-1-862,1099-926,1163.jpg",1
"./images/peascription-out/images/plant/col12row21-orig-1-1658,1061-1722,1125.jpg",1
"./images/peascription-out/images/plant/col12row21-orig-1-870,1046-934,1110.jpg",1
"./images/peascription-out/images/plant/col12row21-orig-1-660,1046-724,1110.jpg",1
"./images/peascription-out/images/plant/col12row21-orig-1-1165,1020-1229,1084.jpg",1
"./images/peascription-out/images/plant/col12row21-orig-1-681,995-745,1059.jpg",1
"./images/peascription-out/images/plant/col12row21-orig-1-861,955-925,1019.jpg",1
"./images/peascription-out/images/plant/col12row21-orig-1-1220,953-1284,1017.jpg",1
"./images/peascription-out/images/plant/col12row21-orig-1-1410,932-1474,996.jpg",1
"./images/peascription-out/images/plant/col12row21-orig-1-1165,938-1229,1002.jpg",1
"./images/peascription-out/images/plant/col12row21-orig-1-660,936-724,1000.jpg",1
"./images/peascription-out/images/plant/col12row21-orig-1-890,903-954,967.jpg",1
"./images/peascription-out/images/plant/col12row21-orig-1-1170,838-1234,902.jpg",1
"./images/peascription-out/images/plant/col12row21-orig-1-1399,812-1463,876.jpg",1
"./images/peascription-out/images/plant/col12row21-orig-1-398,797-462,861.jpg",1
"./images/peascription-out/images/plant/col12row21-orig-1-1164,789-1228,853.jpg",1
"./images/peascription-out/images/plant/col12row21-orig-1-382,754-446,818.jpg",1
"./images/peascription-out/images/plant/col12row21-orig-1-635,737-699,801.jpg",1
"./images/peascription-out/images/plant/col12row21-orig-1-394,720-458,784.jpg",1
"./images/peascription-out/images/plant/col12row21-orig-1-1177,706-1241,770.jpg",1
"./images/peascription-out/images/plant/col12row21-orig-1-669,682-733,746.jpg",1
"./images/peascription-out/images/plant/col12row21-orig-1-385,631-449,695.jpg",1
"./images/peascription-out/images/plant/col12row21-orig-1-645,588-709,652.jpg",1
"./images/peascription-out/images/plant/col12row21-orig-1-406,557-470,621.jpg",1
"./images/peascription-out/images/plant/col12row21-orig-1-1658,502-1722,566.jpg",1
"./images/peascription-out/images/plant/col12row21-orig-1-673,465-737,529.jpg",1
"./images/peascription-out/images/plant/col12row21-orig-1-372,454-436,518.jpg",1
"./images/peascription-out/images/plant/col12row21-orig-1-425,420-489,484.jpg",1
"./images/peascription-out/images/plant/col12row21-orig-1-645,412-709,476.jpg",1
"./images/peascription-out/images/plant/col12row21-orig-1-1380,406-1444,470.jpg",1
"./images/peascription-out/images/plant/col12row21-orig-1-376,378-440,442.jpg",1
"./images/peascription-out/images/plant/col12row21-orig-1-859,376-923,440.jpg",1
"./images/peascription-out/images/plant/col12row21-orig-1-1145,334-1209,398.jpg",1
"./images/peascription-out/images/plant/col12row21-orig-1-415,328-479,392.jpg",1
"./images/peascription-out/images/plant/col12row21-orig-1-1664,275-1728,339.jpg",1
"./images/peascription-out/images/plant/col12row21-orig-1-649,275-713,339.jpg",1
"./images/peascription-out/images/plant/col12row21-orig-1-381,278-445,342.jpg",1
"./images/peascription-out/images/plant/col12row21-orig-1-891,250-955,314.jpg",1
"./images/peascription-out/images/plant/col12row21-orig-1-1170,225-1234,289.jpg",1
"./images/peascription-out/images/plant/col12row21-orig-1-385,201-449,265.jpg",1
"./images/peascription-out/images/plant/col12row21-orig-1-1393,189-1457,253.jpg",1
"./images/peascription-out/images/plant/col12row21-orig-1-1649,99-1713,163.jpg",1
"./images/peascription-out/images/plant/col12row21-orig-1-1625,37-1689,101.jpg",1
"./images/peascription-out/images/plant/col12row21-orig-1-858,9-922,73.jpg",1
"./images/peascription-out/images/plant/col12row21-orig-1-1655,4-1719,68.jpg",1
"./images/peascription-out/images/notplant/col12row21-orig-0-450,5243-514,5307.jpg",0
"./images/peascription-out/images/notplant/col12row21-orig-0-1725,975-1789,1039.jpg",0
"./images/peascription-out/images/notplant/col12row21-orig-0-1942,840-2006,904.jpg",0
"./images/peascription-out/images/notplant/col12row21-orig-0-904,5241-968,5305.jpg",0
"./images/peascription-out/images/notplant/col12row21-orig-0-1524,5077-1588,5141.jpg",0
"./images/peascription-out/images/notplant/col12row21-orig-0-1743,2382-1807,2446.jpg",0
"./images/peascription-out/images/notplant/col12row21-orig-0-606,3360-670,3424.jpg",0
"./images/peascription-out/images/notplant/col12row21-orig-0-1422,4862-1486,4926.jpg",0
"./images/peascription-out/images/notplant/col12row21-orig-0-779,2908-843,2972.jpg",0
"./images/peascription-out/images/notplant/col12row21-orig-0-1936,4028-2000,4092.jpg",0
"./images/peascription-out/images/notplant/col12row21-orig-0-290,4203-354,4267.jpg",0
"./images/peascription-out/images/notplant/col12row21-orig-0-1558,1749-1622,1813.jpg",0
"./images/peascription-out/images/notplant/col12row21-orig-0-802,2349-866,2413.jpg",0
"./images/peascription-out/images/notplant/col12row21-orig-0-665,3960-729,4024.jpg",0
"./images/peascription-out/images/notplant/col12row21-orig-0-1302,2394-1366,2458.jpg",0
"./images/peascription-out/images/notplant/col12row21-orig-0-984,1543-1048,1607.jpg",0
"./images/peascription-out/images/notplant/col12row21-orig-0-1256,197-1320,261.jpg",0
"./images/peascription-out/images/notplant/col12row21-orig-0-302,2360-366,2424.jpg",0
"./images/peascription-out/images/notplant/col12row21-orig-0-1441,618-1505,682.jpg",0
"./images/peascription-out/images/notplant/col12row21-orig-0-1701,734-1765,798.jpg",0
"./images/peascription-out/images/notplant/col12row21-orig-0-1044,4371-1108,4435.jpg",0
"./images/peascription-out/images/notplant/col12row21-orig-0-1048,5815-1112,5879.jpg",0
"./images/peascription-out/images/notplant/col12row21-orig-0-546,4658-610,4722.jpg",0
"./images/peascription-out/images/notplant/col12row21-orig-0-1015,4149-1079,4213.jpg",0
"./images/peascription-out/images/notplant/col12row21-orig-0-2,25-66,89.jpg",0
"./images/peascription-out/images/notplant/col12row21-orig-0-110,2895-174,2959.jpg",0
"./images/peascription-out/images/notplant/col12row21-orig-0-1083,1634-1147,1698.jpg",0
"./images/peascription-out/images/notplant/col12row21-orig-0-512,4566-576,4630.jpg",0
"./images/peascription-out/images/notplant/col12row21-orig-0-738,3038-802,3102.jpg",0
"./images/peascription-out/images/notplant/col12row21-orig-0-1799,560-1863,624.jpg",0
"./images/peascription-out/images/notplant/col12row21-orig-0-847,515-911,579.jpg",0
"./images/peascription-out/images/notplant/col12row21-orig-0-1620,4074-1684,4138.jpg",0
"./images/peascription-out/images/notplant/col12row21-orig-0-872,5447-936,5511.jpg",0
"./images/peascription-out/images/notplant/col12row21-orig-0-185,1884-249,1948.jpg",0
"./images/peascription-out/images/notplant/col12row21-orig-0-1867,3985-1931,4049.jpg",0
"./images/peascription-out/images/notplant/col12row21-orig-0-1188,5174-1252,5238.jpg",0
"./images/peascription-out/images/notplant/col12row21-orig-0-951,5049-1015,5113.jpg",0
"./images/peascription-out/images/notplant/col12row21-orig-0-154,3624-218,3688.jpg",0
"./images/peascription-out/images/notplant/col12row21-orig-0-1528,1441-1592,1505.jpg",0
"./images/peascription-out/images/notplant/col12row21-orig-0-602,2464-666,2528.jpg",0
"./images/peascription-out/images/notplant/col12row21-orig-0-522,2834-586,2898.jpg",0
"./images/peascription-out/images/notplant/col12row21-orig-0-1286,4834-1350,4898.jpg",0
"./images/peascription-out/images/notplant/col12row21-orig-0-46,2123-110,2187.jpg",0
"./images/peascription-out/images/notplant/col12row21-orig-0-1887,688-1951,752.jpg",0
"./images/peascription-out/images/notplant/col12row21-orig-0-560,3773-624,3837.jpg",0
"./images/peascription-out/images/notplant/col12row21-orig-0-1698,4740-1762,4804.jpg",0
"./images/peascription-out/images/notplant/col12row21-orig-0-1800,1954-1864,2018.jpg",0
"./images/peascription-out/images/notplant/col12row21-orig-0-1733,4840-1797,4904.jpg",0
"./images/peascription-out/images/notplant/col12row21-orig-0-262,2677-326,2741.jpg",0
"./images/peascription-out/images/notplant/col12row21-orig-0-1200,2309-1264,2373.jpg",0
"./images/peascription-out/images/notplant/col12row21-orig-0-1441,4664-1505,4728.jpg",0
"./images/peascription-out/images/notplant/col12row21-orig-0-1675,2177-1739,2241.jpg",0
"./images/peascription-out/images/notplant/col12row21-orig-0-888,4002-952,4066.jpg",0
"./images/peascription-out/images/notplant/col12row21-orig-0-1282,4038-1346,4102.jpg",0
"./images/peascription-out/images/notplant/col12row21-orig-0-766,1851-830,1915.jpg",0
"./images/peascription-out/images/notplant/col12row21-orig-0-1960,4332-2024,4396.jpg",0
"./images/peascription-out/images/notplant/col12row21-orig-0-551,4295-615,4359.jpg",0
"./images/peascription-out/images/notplant/col12row21-orig-0-1631,656-1695,720.jpg",0
"./images/peascription-out/images/notplant/col12row21-orig-0-1491,2087-1555,2151.jpg",0
"./images/peascription-out/images/notplant/col12row21-orig-0-1014,16-1078,80.jpg",0
"./images/peascription-out/images/notplant/col12row21-orig-0-1861,2477-1925,2541.jpg",0
"./images/peascription-out/images/notplant/col12row21-orig-0-1939,2118-2003,2182.jpg",0
"./images/peascription-out/images/notplant/col12row21-orig-0-421,2874-485,2938.jpg",0
"./images/peascription-out/images/notplant/col12row21-orig-0-516,2049-580,2113.jpg",0
"./images/peascription-out/images/notplant/col12row21-orig-0-1424,5378-1488,5442.jpg",0
"./images/peascription-out/images/notplant/col12row21-orig-0-62,1420-126,1484.jpg",0
"./images/peascription-out/images/notplant/col12row21-orig-0-471,1043-535,1107.jpg",0
"./images/peascription-out/images/notplant/col12row21-orig-0-1463,3288-1527,3352.jpg",0
"./images/peascription-out/images/notplant/col12row21-orig-0-986,909-1050,973.jpg",0
"./images/peascription-out/images/notplant/col12row21-orig-0-1922,3449-1986,3513.jpg",0
"./images/peascription-out/images/notplant/col12row21-orig-0-365,5819-429,5883.jpg",0
"./images/peascription-out/images/notplant/col12row21-orig-0-1531,916-1595,980.jpg",0
"./images/peascription-out/images/notplant/col12row21-orig-0-395,5389-459,5453.jpg",0
"./images/peascription-out/images/notplant/col12row21-orig-0-237,1994-301,2058.jpg",0
"./images/peascription-out/images/notplant/col12row21-orig-0-1743,463-1807,527.jpg",0
"./images/peascription-out/images/notplant/col12row21-orig-0-12,1688-76,1752.jpg",0
"./images/peascription-out/images/notplant/col12row21-orig-0-1061,5234-1125,5298.jpg",0
"./images/peascription-out/images/notplant/col12row21-orig-0-1520,1568-1584,1632.jpg",0
"./images/peascription-out/images/notplant/col12row21-orig-0-735,2835-799,2899.jpg",0
"./images/peascription-out/images/notplant/col12row21-orig-0-194,5293-258,5357.jpg",0
"./images/peascription-out/images/notplant/col12row21-orig-0-517,2397-581,2461.jpg",0
"./images/peascription-out/images/notplant/col12row21-orig-0-531,3098-595,3162.jpg",0
"./images/peascription-out/images/notplant/col12row21-orig-0-1317,5407-1381,5471.jpg",0
"./images/peascription-out/images/notplant/col12row21-orig-0-1920,970-1984,1034.jpg",0
"./images/peascription-out/images/notplant/col12row21-orig-0-718,5534-782,5598.jpg",0
"./images/peascription-out/images/notplant/col12row21-orig-0-778,5226-842,5290.jpg",0
"./images/peascription-out/images/notplant/col12row21-orig-0-733,2746-797,2810.jpg",0
"./images/peascription-out/images/notplant/col12row21-orig-0-1316,3696-1380,3760.jpg",0
"./images/peascription-out/images/notplant/col12row21-orig-0-197,5742-261,5806.jpg",0
"./images/peascription-out/images/notplant/col12row21-orig-0-517,5756-581,5820.jpg",0
"./images/peascription-out/images/notplant/col12row21-orig-0-42,3280-106,3344.jpg",0
"./images/peascription-out/images/notplant/col12row21-orig-0-412,4304-476,4368.jpg",0
"./images/peascription-out/images/notplant/col12row21-orig-0-1672,3779-1736,3843.jpg",0
"./images/peascription-out/images/notplant/col12row21-orig-0-174,5065-238,5129.jpg",0
"./images/peascription-out/images/notplant/col12row21-orig-0-1107,2966-1171,3030.jpg",0
"./images/peascription-out/images/notplant/col12row21-orig-0-82,5628-146,5692.jpg",0
"./images/peascription-out/images/notplant/col12row21-orig-0-1016,2954-1080,3018.jpg",0
"./images/peascription-out/images/notplant/col12row21-orig-0-1796,4306-1860,4370.jpg",0
"./images/peascription-out/images/notplant/col12row21-orig-0-1854,5419-1918,5483.jpg",0
"./images/peascription-out/images/notplant/col12row21-orig-0-398,1921-462,1985.jpg",0
"./images/peascription-out/images/notplant/col12row21-orig-0-1795,5778-1859,5842.jpg",0
"./images/peascription-out/images/notplant/col12row21-orig-0-1829,1080-1893,1144.jpg",0
"./images/peascription-out/images/notplant/col12row21-orig-0-1438,3050-1502,3114.jpg",0
"./images/peascription-out/images/notplant/col12row21-orig-0-764,5016-828,5080.jpg",0
"./images/peascription-out/images/notplant/col12row21-orig-0-168,750-232,814.jpg",0
"./images/peascription-out/images/notplant/col12row21-orig-0-955,2127-1019,2191.jpg",0
"./images/peascription-out/images/notplant/col12row21-orig-0-1894,1334-1958,1398.jpg",0
"./images/peascription-out/images/notplant/col12row21-orig-0-439,2359-503,2423.jpg",0
"./images/peascription-out/images/notplant/col12row21-orig-0-828,5647-892,5711.jpg",0
"./images/peascription-out/images/notplant/col12row21-orig-0-715,175-779,239.jpg",0
"./images/peascription-out/images/notplant/col12row21-orig-0-1227,3176-1291,3240.jpg",0
"./images/peascription-out/images/notplant/col12row21-orig-0-550,208-614,272.jpg",0
"./images/peascription-out/images/notplant/col12row21-orig-0-1507,5601-1571,5665.jpg",0
"./images/peascription-out/images/notplant/col12row21-orig-0-547,3621-611,3685.jpg",0
"./images/peascription-out/images/notplant/col12row21-orig-0-1199,5840-1263,5904.jpg",0
"./images/peascription-out/images/notplant/col12row21-orig-0-297,5520-361,5584.jpg",0
"./images/peascription-out/images/notplant/col12row21-orig-0-270,4383-334,4447.jpg",0
"./images/peascription-out/images/notplant/col12row21-orig-0-1518,5830-1582,5894.jpg",0
"./images/peascription-out/images/notplant/col12row21-orig-0-771,1560-835,1624.jpg",0
"./images/peascription-out/images/notplant/col12row21-orig-0-1871,4609-1935,4673.jpg",0
"./images/peascription-out/images/notplant/col12row21-orig-0-637,2852-701,2916.jpg",0
"./images/peascription-out/images/notplant/col12row21-orig-0-551,2316-615,2380.jpg",0
"./images/peascription-out/images/notplant/col12row21-orig-0-1544,283-1608,347.jpg",0
"./images/peascription-out/images/notplant/col12row21-orig-0-1322,2559-1386,2623.jpg",0
"./images/peascription-out/images/notplant/col12row21-orig-0-1498,4388-1562,4452.jpg",0
"./images/peascription-out/images/notplant/col12row21-orig-0-759,3446-823,3510.jpg",0
"./images/peascription-out/images/notplant/col12row21-orig-0-1571,1238-1635,1302.jpg",0
"./images/peascription-out/images/notplant/col12row21-orig-0-1512,2491-1576,2555.jpg",0
"./images/peascription-out/images/notplant/col12row21-orig-0-843,1499-907,1563.jpg",0
"./images/peascription-out/images/notplant/col12row21-orig-0-116,1624-180,1688.jpg",0
"./images/peascription-out/images/notplant/col12row21-orig-0-1307,1152-1371,1216.jpg",0
"./images/peascription-out/images/notplant/col12row21-orig-0-185,2125-249,2189.jpg",0
"./images/peascription-out/images/notplant/col12row21-orig-0-286,5229-350,5293.jpg",0
"./images/peascription-out/images/notplant/col12row21-orig-0-158,5204-222,5268.jpg",0
"./images/peascription-out/images/notplant/col12row21-orig-0-114,1859-178,1923.jpg",0
"./images/peascription-out/images/notplant/col12row21-orig-0-1017,1343-1081,1407.jpg",0
"./images/peascription-out/images/notplant/col12row21-orig-0-521,2495-585,2559.jpg",0
"./images/peascription-out/images/notplant/col12row21-orig-0-1294,2075-1358,2139.jpg",0
"./images/peascription-out/images/notplant/col12row21-orig-0-1426,5459-1490,5523.jpg",0
"./images/peascription-out/images/notplant/col12row21-orig-0-1163,1603-1227,1667.jpg",0
"./images/peascription-out/images/notplant/col12row21-orig-0-1545,3656-1609,3720.jpg",0
"./images/peascription-out/images/notplant/col12row21-orig-0-1851,5176-1915,5240.jpg",0
"./images/peascription-out/images/notplant/col12row21-orig-0-1532,3066-1596,3130.jpg",0
"./images/peascription-out/images/notplant/col12row21-orig-0-574,1486-638,1550.jpg",0
"./images/peascription-out/images/notplant/col12row21-orig-0-724,5843-788,5907.jpg",0
"./images/peascription-out/images/notplant/col12row21-orig-0-4,5601-68,5665.jpg",0
"./images/peascription-out/images/notplant/col12row21-orig-0-1832,4198-1896,4262.jpg",0
"./images/peascription-out/images/notplant/col12row21-orig-0-24,298-88,362.jpg",0
"./images/peascription-out/images/notplant/col12row21-orig-0-269,869-333,933.jpg",0
"./images/peascription-out/images/notplant/col12row21-orig-0-1950,2782-2014,2846.jpg",0
"./images/peascription-out/images/notplant/col12row21-orig-0-537,3981-601,4045.jpg",0
"./images/peascription-out/images/notplant/col12row21-orig-0-1078,1226-1142,1290.jpg",0
"./images/peascription-out/images/notplant/col12row21-orig-0-128,1002-192,1066.jpg",0
"./images/peascription-out/images/notplant/col12row21-orig-0-1319,2167-1383,2231.jpg",0
"./images/peascription-out/images/notplant/col12row21-orig-0-668,1259-732,1323.jpg",0
"./images/peascription-out/images/notplant/col12row21-orig-0-64,735-128,799.jpg",0
"./images/peascription-out/images/notplant/col12row21-orig-0-160,2702-224,2766.jpg",0
"./images/peascription-out/images/notplant/col12row21-orig-0-1858,3528-1922,3592.jpg",0
"./images/peascription-out/images/notplant/col12row21-orig-0-165,2051-229,2115.jpg",0
"./images/peascription-out/images/notplant/col12row21-orig-0-21,1787-85,1851.jpg",0
"./images/peascription-out/images/notplant/col12row21-orig-0-83,4300-147,4364.jpg",0
"./images/peascription-out/images/notplant/col12row21-orig-0-200,1819-264,1883.jpg",0
"./images/peascription-out/images/notplant/col12row21-orig-0-792,242-856,306.jpg",0
"./images/peascription-out/images/notplant/col12row21-orig-0-1271,1084-1335,1148.jpg",0
"./images/peascription-out/images/notplant/col12row21-orig-0-1903,5777-1967,5841.jpg",0
"./images/peascription-out/images/notplant/col12row21-orig-0-812,1373-876,1437.jpg",0
"./images/peascription-out/images/notplant/col12row21-orig-0-142,4502-206,4566.jpg",0
"./images/peascription-out/images/notplant/col12row21-orig-0-255,987-319,1051.jpg",0
"./images/peascription-out/images/notplant/col12row21-orig-0-1902,3132-1966,3196.jpg",0
"./images/peascription-out/images/notplant/col12row21-orig-0-1916,422-1980,486.jpg",0
"./images/peascription-out/images/notplant/col12row21-orig-0-1534,2879-1598,2943.jpg",0
"./images/peascription-out/images/notplant/col12row21-orig-0-243,426-307,490.jpg",0
"./images/peascription-out/images/notplant/col12row21-orig-0-55,4167-119,4231.jpg",0
"./images/peascription-out/images/notplant/col12row21-orig-0-1025,746-1089,810.jpg",0
"./images/peascription-out/images/notplant/col12row21-orig-0-374,1024-438,1088.jpg",0
"./images/peascription-out/images/notplant/col12row21-orig-0-1250,1594-1314,1658.jpg",0
"./images/peascription-out/images/notplant/col12row21-orig-0-954,711-1018,775.jpg",0
"./images/peascription-out/images/notplant/col12row21-orig-0-540,2650-604,2714.jpg",0
"./images/peascription-out/images/notplant/col12row21-orig-0-966,130-1030,194.jpg",0
"./images/peascription-out/images/notplant/col12row21-orig-0-201,2520-265,2584.jpg",0
"./images/peascription-out/images/notplant/col12row21-orig-0-236,4612-300,4676.jpg",0
"./images/peascription-out/images/notplant/col12row21-orig-0-77,908-141,972.jpg",0
"./images/peascription-out/images/notplant/col12row21-orig-0-986,5520-1050,5584.jpg",0
"./images/peascription-out/images/notplant/col12row21-orig-0-641,2784-705,2848.jpg",0
"./images/peascription-out/images/notplant/col12row21-orig-0-540,5182-604,5246.jpg",0
"./images/peascription-out/images/notplant/col12row21-orig-0-789,5313-853,5377.jpg",0
"./images/peascription-out/images/notplant/col12row21-orig-0-1471,5167-1535,5231.jpg",0
"./images/peascription-out/images/notplant/col12row21-orig-0-155,1499-219,1563.jpg",0
"./images/peascription-out/images/notplant/col12row21-orig-0-1310,5607-1374,5671.jpg",0
"./images/peascription-out/images/notplant/col12row21-orig-0-1954,1707-2018,1771.jpg",0
"./images/peascription-out/images/notplant/col12row21-orig-0-181,2613-245,2677.jpg",0
"./images/peascription-out/images/notplant/col12row21-orig-0-36,4064-100,4128.jpg",0
"./images/peascription-out/images/notplant/col12row21-orig-0-1689,3183-1753,3247.jpg",0
"./images/peascription-out/images/notplant/col12row21-orig-0-948,2455-1012,2519.jpg",0
"./images/peascription-out/images/notplant/col12row21-orig-0-1771,2868-1835,2932.jpg",0
"./images/peascription-out/images/notplant/col12row21-orig-0-808,1934-872,1998.jpg",0
"./images/peascription-out/images/notplant/col12row21-orig-0-962,516-1026,580.jpg",0
"./images/peascription-out/images/notplant/col12row21-orig-0-1178,5256-1242,5320.jpg",0
"./images/peascription-out/images/notplant/col12row21-orig-0-806,2004-870,2068.jpg",0
"./images/peascription-out/images/notplant/col12row21-orig-0-795,3734-859,3798.jpg",0
"./images/peascription-out/images/notplant/col12row21-orig-0-39,3789-103,3853.jpg",0
"./images/peascription-out/images/notplant/col12row21-orig-0-149,4378-213,4442.jpg",0
"./images/peascription-out/images/notplant/col12row21-orig-0-303,1865-367,1929.jpg",0
"./images/peascription-out/images/notplant/col12row21-orig-0-78,4850-142,4914.jpg",0
"./images/peascription-out/images/notplant/col12row21-orig-0-966,2339-1030,2403.jpg",0
"./images/peascription-out/images/notplant/col12row21-orig-0-1916,2621-1980,2685.jpg",0
"./images/peascription-out/images/notplant/col12row21-orig-0-1877,520-1941,584.jpg",0
"./images/peascription-out/images/notplant/col12row21-orig-0-1181,546-1245,610.jpg",0
"./images/peascription-out/images/notplant/col12row21-orig-0-1334,1384-1398,1448.jpg",0
"./images/peascription-out/images/notplant/col12row21-orig-0-1258,3490-1322,3554.jpg",0
"./images/peascription-out/images/notplant/col12row21-orig-0-1494,3423-1558,3487.jpg",0
"./images/peascription-out/images/notplant/col12row21-orig-0-281,3967-345,4031.jpg",0
"./images/peascription-out/images/notplant/col12row21-orig-0-641,3826-705,3890.jpg",0
"./images/peascription-out/images/notplant/col12row21-orig-0-1693,2476-1757,2540.jpg",0
"./images/peascription-out/images/notplant/col12row21-orig-0-57,155-121,219.jpg",0
"./images/peascription-out/images/notplant/col12row21-orig-0-1002,587-1066,651.jpg",0
"./images/peascription-out/images/notplant/col12row21-orig-0-1844,2929-1908,2993.jpg",0
"./images/peascription-out/images/notplant/col12row21-orig-0-1788,1306-1852,1370.jpg",0
"./images/peascription-out/images/notplant/col12row21-orig-0-1467,313-1531,377.jpg",0
"./images/peascription-out/images/notplant/col12row21-orig-0-1336,3110-1400,3174.jpg",0
"./images/peascription-out/images/notplant/col12row21-orig-0-816,3168-880,3232.jpg",0
"./images/peascription-out/images/notplant/col12row21-orig-0-1756,3097-1820,3161.jpg",0
"./images/peascription-out/images/notplant/col12row21-orig-0-18,2670-82,2734.jpg",0
"./images/peascription-out/images/notplant/col12row21-orig-0-1938,2005-2002,2069.jpg",0
"./images/peascription-out/images/notplant/col12row21-orig-0-1593,2378-1657,2442.jpg",0
"./images/peascription-out/images/notplant/col12row21-orig-0-162,4631-226,4695.jpg",0
"./images/peascription-out/images/notplant/col12row21-orig-0-1326,1539-1390,1603.jpg",0
"./images/peascription-out/images/notplant/col12row21-orig-0-1515,524-1579,588.jpg",0
"./images/peascription-out/images/notplant/col12row21-orig-0-245,1159-309,1223.jpg",0
"./images/peascription-out/images/notplant/col12row21-orig-0-918,5326-982,5390.jpg",0
"./images/peascription-out/images/notplant/col12row21-orig-0-1504,4064-1568,4128.jpg",0
"./images/peascription-out/images/notplant/col12row21-orig-0-868,3910-932,3974.jpg",0
"./images/peascription-out/images/notplant/col12row21-orig-0-503,3025-567,3089.jpg",0
"./images/peascription-out/images/notplant/col12row21-orig-0-384,1405-448,1469.jpg",0
"./images/peascription-out/images/notplant/col12row21-orig-0-1340,628-1404,692.jpg",0
"./images/peascription-out/images/notplant/col12row21-orig-0-837,728-901,792.jpg",0
"./images/peascription-out/images/notplant/col12row21-orig-0-1780,3204-1844,3268.jpg",0
"./images/peascription-out/images/notplant/col12row21-orig-0-762,739-826,803.jpg",0
"./images/peascription-out/images/notplant/col12row21-orig-0-1820,918-1884,982.jpg",0
"./images/peascription-out/images/notplant/col12row21-orig-0-232,4987-296,5051.jpg",0
"./images/peascription-out/images/notplant/col12row21-orig-0-1289,5254-1353,5318.jpg",0
"./images/peascription-out/images/notplant/col12row21-orig-0-178,2258-242,2322.jpg",0
"./images/peascription-out/images/notplant/col12row21-orig-0-617,3205-681,3269.jpg",0
"./images/peascription-out/images/notplant/col12row21-orig-0-1833,4862-1897,4926.jpg",0
"./images/peascription-out/images/notplant/col12row21-orig-0-1698,4148-1762,4212.jpg",0
"./images/peascription-out/images/notplant/col12row21-orig-0-1827,2131-1891,2195.jpg",0
"./images/peascription-out/images/notplant/col12row21-orig-0-988,1813-1052,1877.jpg",0
"./images/peascription-out/images/notplant/col12row21-orig-0-1210,5766-1274,5830.jpg",0
"./images/peascription-out/images/notplant/col12row21-orig-0-1679,5705-1743,5769.jpg",0
"./images/peascription-out/images/notplant/col12row21-orig-0-1615,2937-1679,3001.jpg",0
"./images/peascription-out/images/notplant/col12row21-orig-0-1892,44-1956,108.jpg",0
"./images/peascription-out/images/notplant/col12row21-orig-0-1170,2495-1234,2559.jpg",0
"./images/peascription-out/images/notplant/col12row21-orig-0-1953,614-2017,678.jpg",0
"./images/peascription-out/images/notplant/col12row21-orig-0-475,952-539,1016.jpg",0
"./images/peascription-out/images/notplant/col12row21-orig-0-521,754-585,818.jpg",0
"./images/peascription-out/images/notplant/col12row21-orig-0-242,5415-306,5479.jpg",0
"./images/peascription-out/images/notplant/col12row21-orig-0-1660,4255-1724,4319.jpg",0
"./images/peascription-out/images/notplant/col12row21-orig-0-1071,3820-1135,3884.jpg",0
"./images/peascription-out/images/notplant/col12row21-orig-0-1179,3582-1243,3646.jpg",0
"./images/peascription-out/images/notplant/col12row21-orig-0-1833,1176-1897,1240.jpg",0
"./images/peascription-out/images/notplant/col12row21-orig-0-868,2240-932,2304.jpg",0
"./images/peascription-out/images/notplant/col12row21-orig-0-1150,2885-1214,2949.jpg",0
"./images/peascription-out/images/notplant/col12row21-orig-0-1864,778-1928,842.jpg",0
"./images/peascription-out/images/notplant/col12row21-orig-0-1864,5299-1928,5363.jpg",0
"./images/peascription-out/images/notplant/col12row21-orig-0-1187,4585-1251,4649.jpg",0
"./images/peascription-out/images/notplant/col12row21-orig-0-1437,5610-1501,5674.jpg",0
"./images/peascription-out/images/notplant/col12row21-orig-0-497,628-561,692.jpg",0
"./images/peascription-out/images/notplant/col12row21-orig-0-1286,5674-1350,5738.jpg",0
"./images/peascription-out/images/notplant/col12row21-orig-0-1954,1195-2018,1259.jpg",0
"./images/peascription-out/images/notplant/col12row21-orig-0-1550,5190-1614,5254.jpg",0
"./images/peascription-out/images/notplant/col12row21-orig-0-1554,838-1618,902.jpg",0
"./images/peascription-out/images/notplant/col12row21-orig-0-608,3128-672,3192.jpg",0
"./images/peascription-out/images/notplant/col12row21-orig-0-1802,1469-1866,1533.jpg",0
"./images/peascription-out/images/notplant/col12row21-orig-0-529,3507-593,3571.jpg",0
"./images/peascription-out/images/notplant/col12row21-orig-0-1795,3288-1859,3352.jpg",0
"./images/peascription-out/images/notplant/col12row21-orig-0-1490,5366-1554,5430.jpg",0
"./images/peascription-out/images/notplant/col12row21-orig-0-70,5016-134,5080.jpg",0
"./images/peascription-out/images/notplant/col12row21-orig-0-130,818-194,882.jpg",0
"./images/peascription-out/images/notplant/col12row21-orig-0-613,1627-677,1691.jpg",0
"./images/peascription-out/images/notplant/col12row21-orig-0-531,3338-595,3402.jpg",0
"./images/peascription-out/images/notplant/col12row21-orig-0-1959,1786-2023,1850.jpg",0
"./images/peascription-out/images/notplant/col12row21-orig-0-481,4966-545,5030.jpg",0
"./images/peascription-out/images/notplant/col12row21-orig-0-1935,2196-1999,2260.jpg",0
"./images/peascription-out/images/notplant/col12row21-orig-0-220,2909-284,2973.jpg",0
"./images/peascription-out/images/notplant/col12row21-orig-0-211,4917-275,4981.jpg",0
"./images/peascription-out/images/notplant/col12row21-orig-0-296,3160-360,3224.jpg",0
"./images/peascription-out/images/notplant/col12row21-orig-0-1892,264-1956,328.jpg",0
"./images/peascription-out/images/notplant/col12row21-orig-0-1295,4415-1359,4479.jpg",0
"./images/peascription-out/images/notplant/col12row21-orig-0-510,1489-574,1553.jpg",0
"./images/peascription-out/images/notplant/col12row21-orig-0-1051,2513-1115,2577.jpg",0
"./images/peascription-out/images/notplant/col12row21-orig-0-752,4837-816,4901.jpg",0
"./images/peascription-out/images/notplant/col12row21-orig-0-778,813-842,877.jpg",0
"./images/peascription-out/images/notplant/col12row21-orig-0-36,621-100,685.jpg",0
"./images/peascription-out/images/notplant/col12row21-orig-0-257,3806-321,3870.jpg",0
"./images/peascription-out/images/notplant/col12row21-orig-0-760,5113-824,5177.jpg",0
"./images/peascription-out/images/notplant/col12row21-orig-0-44,3401-108,3465.jpg",0
"./images/peascription-out/images/notplant/col12row21-orig-0-559,53-623,117.jpg",0
"./images/peascription-out/images/notplant/col12row21-orig-0-589,5733-653,5797.jpg",0
"./images/peascription-out/images/notplant/col12row21-orig-0-774,4523-838,4587.jpg",0
"./images/peascription-out/images/notplant/col12row21-orig-0-1873,3863-1937,3927.jpg",0
"./images/peascription-out/images/notplant/col12row21-orig-0-1776,4551-1840,4615.jpg",0
"./images/peascription-out/images/notplant/col12row21-orig-0-1071,839-1135,903.jpg",0
"./images/peascription-out/images/notplant/col12row21-orig-0-1497,2961-1561,3025.jpg",0
"./images/peascription-out/images/notplant/col12row21-orig-0-1504,2775-1568,2839.jpg",0
"./images/peascription-out/images/notplant/col12row21-orig-0-1746,2147-1810,2211.jpg",0
"./images/peascription-out/images/notplant/col12row21-orig-0-1929,2465-1993,2529.jpg",0
"./images/peascription-out/images/notplant/col12row21-orig-0-51,228-115,292.jpg",0
"./images/peascription-out/images/notplant/col12row21-orig-0-110,1237-174,1301.jpg",0
"./images/peascription-out/images/notplant/col12row21-orig-0-819,4234-883,4298.jpg",0
"./images/peascription-out/images/notplant/col12row21-orig-0-1800,4621-1864,4685.jpg",0
"./images/peascription-out/images/notplant/col12row21-orig-0-1428,4600-1492,4664.jpg",0
"./images/peascription-out/images/notplant/col12row21-orig-0-1361,3241-1425,3305.jpg",0
"./images/peascription-out/images/notplant/col12row21-orig-0-779,3302-843,3366.jpg",0
"./images/peascription-out/images/notplant/col12row21-orig-0-1682,1990-1746,2054.jpg",0
"./images/peascription-out/images/notplant/col12row21-orig-0-1245,1448-1309,1512.jpg",0
"./images/peascription-out/images/notplant/col12row21-orig-0-525,5511-589,5575.jpg",0
"./images/peascription-out/images/notplant/col12row21-orig-0-1501,188-1565,252.jpg",0
"./images/peascription-out/images/notplant/col12row21-orig-0-669,1919-733,1983.jpg",0
"./images/peascription-out/images/notplant/col12row21-orig-0-373,5240-437,5304.jpg",0
"./images/peascription-out/images/notplant/col12row21-orig-0-1714,1245-1778,1309.jpg",0
"./images/peascription-out/images/notplant/col12row21-orig-0-1020,3368-1084,3432.jpg",0
"./images/peascription-out/images/notplant/col12row21-orig-0-450,5716-514,5780.jpg",0
"./images/peascription-out/images/notplant/col12row21-orig-0-182,160-246,224.jpg",0
"./images/peascription-out/images/notplant/col12row21-orig-0-1870,4516-1934,4580.jpg",0
"./images/peascription-out/images/notplant/col12row21-orig-0-1846,985-1910,1049.jpg",0
"./images/peascription-out/images/notplant/col12row21-orig-0-83,3185-147,3249.jpg",0
"./images/peascription-out/images/notplant/col12row21-orig-0-1249,328-1313,392.jpg",0
"./images/peascription-out/images/notplant/col12row21-orig-0-1739,5095-1803,5159.jpg",0
"./images/peascription-out/images/notplant/col12row21-orig-0-1949,3809-2013,3873.jpg",0
"./images/peascription-out/images/notplant/col12row21-orig-0-1,4916-65,4980.jpg",0
"./images/peascription-out/images/notplant/col12row21-orig-0-739,11-803,75.jpg",0
"./images/peascription-out/images/notplant/col12row21-orig-0-973,5851-1037,5915.jpg",0
"./images/peascription-out/images/notplant/col12row21-orig-0-15,1883-79,1947.jpg",0
"./images/peascription-out/images/notplant/col12row21-orig-0-1949,4999-2013,5063.jpg",0
"./images/peascription-out/images/notplant/col12row21-orig-0-1448,2850-1512,2914.jpg",0
"./images/peascription-out/images/notplant/col12row21-orig-0-306,3072-370,3136.jpg",0
"./images/peascription-out/images/notplant/col12row21-orig-0-1598,4183-1662,4247.jpg",0
"./images/peascription-out/images/notplant/col12row21-orig-0-600,2383-664,2447.jpg",0
"./images/peascription-out/images/notplant/col12row21-orig-0-488,5333-552,5397.jpg",0
"./images/peascription-out/images/notplant/col12row21-orig-0-1088,605-1152,669.jpg",0
"./images/peascription-out/images/notplant/col12row21-orig-0-987,4076-1051,4140.jpg",0
"./images/peascription-out/images/notplant/col12row21-orig-0-39,832-103,896.jpg",0
"./images/peascription-out/images/notplant/col12row21-orig-0-211,355-275,419.jpg",0
"./images/peascription-out/images/notplant/col12row21-orig-0-174,3503-238,3567.jpg",0
"./images/peascription-out/images/notplant/col12row21-orig-0-1467,1050-1531,1114.jpg",0
"./images/peascription-out/images/notplant/col12row21-orig-0-1971,1853-2035,1917.jpg",0
"./images/peascription-out/images/notplant/col12row21-orig-0-44,5286-108,5350.jpg",0
"./images/peascription-out/images/notplant/col12row21-orig-0-561,4788-625,4852.jpg",0
"./images/peascription-out/images/notplant/col12row21-orig-0-1593,768-1657,832.jpg",0
"./images/peascription-out/images/notplant/col12row21-orig-0-1744,4431-1808,4495.jpg",0
"./images/peascription-out/images/notplant/col12row21-orig-0-1485,5736-1549,5800.jpg",0
"./images/peascription-out/images/notplant/col12row21-orig-0-1074,5135-1138,5199.jpg",0
"./images/peascription-out/images/notplant/col12row21-orig-0-581,2983-645,3047.jpg",0
"./images/peascription-out/images/notplant/col12row21-orig-0-504,4419-568,4483.jpg",0
"./images/peascription-out/images/notplant/col12row21-orig-0-249,515-313,579.jpg",0
"./images/peascription-out/images/notplant/col12row21-orig-0-1031,3599-1095,3663.jpg",0
"./images/peascription-out/images/notplant/col12row21-orig-0-1732,4638-1796,4702.jpg",0
"./images/peascription-out/images/notplant/col12row21-orig-0-191,4164-255,4228.jpg",0
"./images/peascription-out/images/notplant/col12row21-orig-0-1856,126-1920,190.jpg",0
"./images/peascription-out/images/notplant/col12row21-orig-0-1966,223-2030,287.jpg",0
"./images/peascription-out/images/plant/15-6-1-orig-1-1405,16982-1469,17046.jpg",1
"./images/peascription-out/images/plant/15-6-1-orig-1-1767,16924-1831,16988.jpg",1
"./images/peascription-out/images/plant/15-6-1-orig-1-475,16873-539,16937.jpg",1
"./images/peascription-out/images/plant/15-6-1-orig-1-936,16877-1000,16941.jpg",1
"./images/peascription-out/images/plant/15-6-1-orig-1-1381,16746-1445,16810.jpg",1
"./images/peascription-out/images/plant/15-6-1-orig-1-98,16677-162,16741.jpg",1
"./images/peascription-out/images/plant/15-6-1-orig-1-1749,16656-1813,16720.jpg",1
"./images/peascription-out/images/plant/15-6-1-orig-1-478,16568-542,16632.jpg",1
"./images/peascription-out/images/plant/15-6-1-orig-1-71,16309-135,16373.jpg",1
"./images/peascription-out/images/plant/15-6-1-orig-1-2176,16227-2240,16291.jpg",1
"./images/peascription-out/images/plant/15-6-1-orig-1-106,16000-170,16064.jpg",1
"./images/peascription-out/images/plant/15-6-1-orig-1-2192,15951-2256,16015.jpg",1
"./images/peascription-out/images/plant/15-6-1-orig-1-1783,15910-1847,15974.jpg",1
"./images/peascription-out/images/plant/15-6-1-orig-1-519,15913-583,15977.jpg",1
"./images/peascription-out/images/plant/15-6-1-orig-1-933,15843-997,15907.jpg",1
"./images/peascription-out/images/plant/15-6-1-orig-1-1367,15786-1431,15850.jpg",1
"./images/peascription-out/images/plant/15-6-1-orig-1-128,15666-192,15730.jpg",1
"./images/peascription-out/images/plant/15-6-1-orig-1-2178,15624-2242,15688.jpg",1
"./images/peascription-out/images/plant/15-6-1-orig-1-1780,15606-1844,15670.jpg",1
"./images/peascription-out/images/plant/15-6-1-orig-1-919,15548-983,15612.jpg",1
"./images/peascription-out/images/plant/15-6-1-orig-1-471,15530-535,15594.jpg",1
"./images/peascription-out/images/plant/15-6-1-orig-1-512,15344-576,15408.jpg",1
"./images/peascription-out/images/plant/15-6-1-orig-1-1786,15313-1850,15377.jpg",1
"./images/peascription-out/images/plant/15-6-1-orig-1-2183,15226-2247,15290.jpg",1
"./images/peascription-out/images/plant/15-6-1-orig-1-946,15162-1010,15226.jpg",1
"./images/peascription-out/images/plant/15-6-1-orig-1-1361,15065-1425,15129.jpg",1
"./images/peascription-out/images/plant/15-6-1-orig-1-1797,14925-1861,14989.jpg",1
"./images/peascription-out/images/plant/15-6-1-orig-1-935,14811-999,14875.jpg",1
"./images/peascription-out/images/plant/15-6-1-orig-1-1343,14764-1407,14828.jpg",1
"./images/peascription-out/images/plant/15-6-1-orig-1-71,14747-135,14811.jpg",1
"./images/peascription-out/images/plant/15-6-1-orig-1-894,14550-958,14614.jpg",1
"./images/peascription-out/images/plant/15-6-1-orig-1-2162,14521-2226,14585.jpg",1
"./images/peascription-out/images/plant/15-6-1-orig-1-1332,14416-1396,14480.jpg",1
"./images/peascription-out/images/plant/15-6-1-orig-1-96,14411-160,14475.jpg",1
"./images/peascription-out/images/plant/15-6-1-orig-1-921,14280-985,14344.jpg",1
"./images/peascription-out/images/plant/15-6-1-orig-1-2190,14256-2254,14320.jpg",1
"./images/peascription-out/images/plant/15-6-1-orig-1-496,14245-560,14309.jpg",1
"./images/peascription-out/images/plant/15-6-1-orig-1-1754,14235-1818,14299.jpg",1
"./images/peascription-out/images/plant/15-6-1-orig-1-1354,14123-1418,14187.jpg",1
"./images/peascription-out/images/plant/15-6-1-orig-1-47,14073-111,14137.jpg",1
"./images/peascription-out/images/plant/15-6-1-orig-1-2154,14030-2218,14094.jpg",1
"./images/peascription-out/images/plant/15-6-1-orig-1-422,13997-486,14061.jpg",1
"./images/peascription-out/images/plant/15-6-1-orig-1-1744,13946-1808,14010.jpg",1
"./images/peascription-out/images/plant/15-6-1-orig-1-72,13763-136,13827.jpg",1
"./images/peascription-out/images/plant/15-6-1-orig-1-1316,13732-1380,13796.jpg",1
"./images/peascription-out/images/plant/15-6-1-orig-1-461,13612-525,13676.jpg",1
"./images/peascription-out/images/plant/15-6-1-orig-1-2186,13583-2250,13647.jpg",1
"./images/peascription-out/images/plant/15-6-1-orig-1-1319,13380-1383,13444.jpg",1
"./images/peascription-out/images/plant/15-6-1-orig-1-2187,13331-2251,13395.jpg",1
"./images/peascription-out/images/plant/15-6-1-orig-1-1341,13130-1405,13194.jpg",1
"./images/peascription-out/images/plant/15-6-1-orig-1-113,13005-177,13069.jpg",1
"./images/peascription-out/images/plant/15-6-1-orig-1-2147,12909-2211,12973.jpg",1
"./images/peascription-out/images/plant/15-6-1-orig-1-1789,12897-1853,12961.jpg",1
"./images/peascription-out/images/plant/15-6-1-orig-1-500,12873-564,12937.jpg",1
"./images/peascription-out/images/plant/15-6-1-orig-1-1801,12718-1865,12782.jpg",1
"./images/peascription-out/images/plant/15-6-1-orig-1-98,12698-162,12762.jpg",1
"./images/peascription-out/images/plant/15-6-1-orig-1-1345,12680-1409,12744.jpg",1
"./images/peascription-out/images/plant/15-6-1-orig-1-2171,12658-2235,12722.jpg",1
"./images/peascription-out/images/plant/15-6-1-orig-1-1790,12265-1854,12329.jpg",1
"./images/peascription-out/images/plant/15-6-1-orig-1-933,12235-997,12299.jpg",1
"./images/peascription-out/images/plant/15-6-1-orig-1-492,12233-556,12297.jpg",1
"./images/peascription-out/images/plant/15-6-1-orig-1-1774,11992-1838,12056.jpg",1
"./images/peascription-out/images/plant/15-6-1-orig-1-899,11876-963,11940.jpg",1
"./images/peascription-out/images/plant/15-6-1-orig-1-2161,11760-2225,11824.jpg",1
"./images/peascription-out/images/plant/15-6-1-orig-1-1321,11770-1385,11834.jpg",1
"./images/peascription-out/images/plant/15-6-1-orig-1-523,11588-587,11652.jpg",1
"./images/peascription-out/images/plant/15-6-1-orig-1-2161,11432-2225,11496.jpg",1
"./images/peascription-out/images/plant/15-6-1-orig-1-1338,11377-1402,11441.jpg",1
"./images/peascription-out/images/plant/15-6-1-orig-1-106,11354-170,11418.jpg",1
"./images/peascription-out/images/plant/15-6-1-orig-1-1766,11290-1830,11354.jpg",1
"./images/peascription-out/images/plant/15-6-1-orig-1-490,11195-554,11259.jpg",1
"./images/peascription-out/images/plant/15-6-1-orig-1-109,11060-173,11124.jpg",1
"./images/peascription-out/images/plant/15-6-1-orig-1-915,11010-979,11074.jpg",1
"./images/peascription-out/images/plant/15-6-1-orig-1-1341,10958-1405,11022.jpg",1
"./images/peascription-out/images/plant/15-6-1-orig-1-1799,10942-1863,11006.jpg",1
"./images/peascription-out/images/plant/15-6-1-orig-1-471,10846-535,10910.jpg",1
"./images/peascription-out/images/plant/15-6-1-orig-1-1359,10779-1423,10843.jpg",1
"./images/peascription-out/images/plant/15-6-1-orig-1-1370,10708-1434,10772.jpg",1
"./images/peascription-out/images/plant/15-6-1-orig-1-84,10653-148,10717.jpg",1
"./images/peascription-out/images/plant/15-6-1-orig-1-1350,10376-1414,10440.jpg",1
"./images/peascription-out/images/plant/15-6-1-orig-1-2200,10294-2264,10358.jpg",1
"./images/peascription-out/images/plant/15-6-1-orig-1-928,10226-992,10290.jpg",1
"./images/peascription-out/images/plant/15-6-1-orig-1-2199,10028-2263,10092.jpg",1
"./images/peascription-out/images/plant/15-6-1-orig-1-1804,9955-1868,10019.jpg",1
"./images/peascription-out/images/plant/15-6-1-orig-1-513,9877-577,9941.jpg",1
"./images/peascription-out/images/plant/15-6-1-orig-1-1334,9741-1398,9805.jpg",1
"./images/peascription-out/images/plant/15-6-1-orig-1-108,9730-172,9794.jpg",1
"./images/peascription-out/images/plant/15-6-1-orig-1-490,9637-554,9701.jpg",1
"./images/peascription-out/images/plant/15-6-1-orig-1-2199,9401-2263,9465.jpg",1
"./images/peascription-out/images/plant/15-6-1-orig-1-93,9359-157,9423.jpg",1
"./images/peascription-out/images/plant/15-6-1-orig-1-1772,8997-1836,9061.jpg",1
"./images/peascription-out/images/plant/15-6-1-orig-1-128,8972-192,9036.jpg",1
"./images/peascription-out/images/plant/15-6-1-orig-1-894,8971-958,9035.jpg",1
"./images/peascription-out/images/plant/15-6-1-orig-1-116,8748-180,8812.jpg",1
"./images/peascription-out/images/plant/15-6-1-orig-1-955,8567-1019,8631.jpg",1
"./images/peascription-out/images/plant/15-6-1-orig-1-1366,8290-1430,8354.jpg",1
"./images/peascription-out/images/plant/15-6-1-orig-1-1780,8284-1844,8348.jpg",1
"./images/peascription-out/images/plant/15-6-1-orig-1-94,8147-158,8211.jpg",1
"./images/peascription-out/images/plant/15-6-1-orig-1-912,7996-976,8060.jpg",1
"./images/peascription-out/images/plant/15-6-1-orig-1-1766,7967-1830,8031.jpg",1
"./images/peascription-out/images/plant/15-6-1-orig-1-487,7948-551,8012.jpg",1
"./images/peascription-out/images/plant/15-6-1-orig-1-82,7765-146,7829.jpg",1
"./images/peascription-out/images/plant/15-6-1-orig-1-1321,7761-1385,7825.jpg",1
"./images/peascription-out/images/plant/15-6-1-orig-1-913,7663-977,7727.jpg",1
"./images/peascription-out/images/plant/15-6-1-orig-1-100,7483-164,7547.jpg",1
"./images/peascription-out/images/plant/15-6-1-orig-1-1772,7338-1836,7402.jpg",1
"./images/peascription-out/images/plant/15-6-1-orig-1-940,7278-1004,7342.jpg",1
"./images/peascription-out/images/plant/15-6-1-orig-1-519,7233-583,7297.jpg",1
"./images/peascription-out/images/plant/15-6-1-orig-1-2184,7055-2248,7119.jpg",1
"./images/peascription-out/images/plant/15-6-1-orig-1-948,6920-1012,6984.jpg",1
"./images/peascription-out/images/plant/15-6-1-orig-1-1347,6852-1411,6916.jpg",1
"./images/peascription-out/images/plant/15-6-1-orig-1-2200,6692-2264,6756.jpg",1
"./images/peascription-out/images/plant/15-6-1-orig-1-500,6659-564,6723.jpg",1
"./images/peascription-out/images/plant/15-6-1-orig-1-1363,6517-1427,6581.jpg",1
"./images/peascription-out/images/plant/15-6-1-orig-1-2170,6405-2234,6469.jpg",1
"./images/peascription-out/images/plant/15-6-1-orig-1-35,6365-99,6429.jpg",1
"./images/peascription-out/images/plant/15-6-1-orig-1-1821,6300-1885,6364.jpg",1
"./images/peascription-out/images/plant/15-6-1-orig-1-923,6253-987,6317.jpg",1
"./images/peascription-out/images/plant/15-6-1-orig-1-481,6235-545,6299.jpg",1
"./images/peascription-out/images/plant/15-6-1-orig-1-1373,6129-1437,6193.jpg",1
"./images/peascription-out/images/plant/15-6-1-orig-1-84,6103-148,6167.jpg",1
"./images/peascription-out/images/plant/15-6-1-orig-1-1809,6008-1873,6072.jpg",1
"./images/peascription-out/images/plant/15-6-1-orig-1-1388,5744-1452,5808.jpg",1
"./images/peascription-out/images/plant/15-6-1-orig-1-513,5527-577,5591.jpg",1
"./images/peascription-out/images/plant/15-6-1-orig-1-933,5510-997,5574.jpg",1
"./images/peascription-out/images/plant/15-6-1-orig-1-1371,5428-1435,5492.jpg",1
"./images/peascription-out/images/plant/15-6-1-orig-1-2173,5289-2237,5353.jpg",1
"./images/peascription-out/images/plant/15-6-1-orig-1-1777,5230-1841,5294.jpg",1
"./images/peascription-out/images/plant/15-6-1-orig-1-477,5207-541,5271.jpg",1
"./images/peascription-out/images/plant/15-6-1-orig-1-1341,5066-1405,5130.jpg",1
"./images/peascription-out/images/plant/15-6-1-orig-1-62,4949-126,5013.jpg",1
"./images/peascription-out/images/plant/15-6-1-orig-1-1804,4936-1868,5000.jpg",1
"./images/peascription-out/images/plant/15-6-1-orig-1-1364,4761-1428,4825.jpg",1
"./images/peascription-out/images/plant/15-6-1-orig-1-109,4735-173,4799.jpg",1
"./images/peascription-out/images/plant/15-6-1-orig-1-2199,4610-2263,4674.jpg",1
"./images/peascription-out/images/plant/15-6-1-orig-1-1760,4607-1824,4671.jpg",1
"./images/peascription-out/images/plant/15-6-1-orig-1-538,4546-602,4610.jpg",1
"./images/peascription-out/images/plant/15-6-1-orig-1-97,4351-161,4415.jpg",1
"./images/peascription-out/images/plant/15-6-1-orig-1-2206,4209-2270,4273.jpg",1
"./images/peascription-out/images/plant/15-6-1-orig-1-1808,4198-1872,4262.jpg",1
"./images/peascription-out/images/plant/15-6-1-orig-1-938,4188-1002,4252.jpg",1
"./images/peascription-out/images/plant/15-6-1-orig-1-526,4159-590,4223.jpg",1
"./images/peascription-out/images/plant/15-6-1-orig-1-1790,3937-1854,4001.jpg",1
"./images/peascription-out/images/plant/15-6-1-orig-1-964,3899-1028,3963.jpg",1
"./images/peascription-out/images/plant/15-6-1-orig-1-102,3688-166,3752.jpg",1
"./images/peascription-out/images/plant/15-6-1-orig-1-1812,3675-1876,3739.jpg",1
"./images/peascription-out/images/plant/15-6-1-orig-1-2187,3643-2251,3707.jpg",1
"./images/peascription-out/images/plant/15-6-1-orig-1-1174,3612-1238,3676.jpg",1
"./images/peascription-out/images/plant/15-6-1-orig-1-947,3538-1011,3602.jpg",1
"./images/peascription-out/images/plant/15-6-1-orig-1-2204,3217-2268,3281.jpg",1
"./images/peascription-out/images/plant/15-6-1-orig-1-121,3050-185,3114.jpg",1
"./images/peascription-out/images/plant/15-6-1-orig-1-1819,3007-1883,3071.jpg",1
"./images/peascription-out/images/plant/15-6-1-orig-1-2214,2917-2278,2981.jpg",1
"./images/peascription-out/images/plant/15-6-1-orig-1-107,2542-171,2606.jpg",1
"./images/peascription-out/images/plant/15-6-1-orig-1-526,2507-590,2571.jpg",1
"./images/peascription-out/images/plant/15-6-1-orig-1-1818,2503-1882,2567.jpg",1
"./images/peascription-out/images/plant/15-6-1-orig-1-926,2122-990,2186.jpg",1
"./images/peascription-out/images/plant/15-6-1-orig-1-1345,2034-1409,2098.jpg",1
"./images/peascription-out/images/plant/15-6-1-orig-1-951,1893-1015,1957.jpg",1
"./images/peascription-out/images/plant/15-6-1-orig-1-2242,1630-2306,1694.jpg",1
"./images/peascription-out/images/plant/15-6-1-orig-1-91,1547-155,1611.jpg",1
"./images/peascription-out/images/plant/15-6-1-orig-1-1380,1505-1444,1569.jpg",1
"./images/peascription-out/images/plant/15-6-1-orig-1-1359,1473-1423,1537.jpg",1
"./images/peascription-out/images/plant/15-6-1-orig-1-1786,1457-1850,1521.jpg",1
"./images/peascription-out/images/plant/15-6-1-orig-1-496,1434-560,1498.jpg",1
"./images/peascription-out/images/plant/15-6-1-orig-1-72,1262-136,1326.jpg",1
"./images/peascription-out/images/plant/15-6-1-orig-1-2235,1214-2299,1278.jpg",1
"./images/peascription-out/images/plant/15-6-1-orig-1-1858,1124-1922,1188.jpg",1
"./images/peascription-out/images/plant/15-6-1-orig-1-960,1073-1024,1137.jpg",1
"./images/peascription-out/images/plant/15-6-1-orig-1-85,913-149,977.jpg",1
"./images/peascription-out/images/plant/15-6-1-orig-1-2226,743-2290,807.jpg",1
"./images/peascription-out/images/plant/15-6-1-orig-1-1807,741-1871,805.jpg",1
"./images/peascription-out/images/plant/15-6-1-orig-1-958,682-1022,746.jpg",1
"./images/peascription-out/images/plant/15-6-1-orig-1-1399,538-1463,602.jpg",1
"./images/peascription-out/images/plant/15-6-1-orig-1-118,546-182,610.jpg",1
"./images/peascription-out/images/plant/15-6-1-orig-1-524,51-588,115.jpg",1
"./images/peascription-out/images/notplant/15-6-1-orig-0-1847,15766-1911,15830.jpg",0
"./images/peascription-out/images/notplant/15-6-1-orig-0-1024,14165-1088,14229.jpg",0
"./images/peascription-out/images/notplant/15-6-1-orig-0-2020,8562-2084,8626.jpg",0
"./images/peascription-out/images/notplant/15-6-1-orig-0-1905,7499-1969,7563.jpg",0
"./images/peascription-out/images/notplant/15-6-1-orig-0-2240,9135-2304,9199.jpg",0
"./images/peascription-out/images/notplant/15-6-1-orig-0-210,4743-274,4807.jpg",0
"./images/peascription-out/images/notplant/15-6-1-orig-0-2061,6553-2125,6617.jpg",0
"./images/peascription-out/images/notplant/15-6-1-orig-0-641,10676-705,10740.jpg",0
"./images/peascription-out/images/notplant/15-6-1-orig-0-1277,16973-1341,17037.jpg",0
"./images/peascription-out/images/notplant/15-6-1-orig-0-1489,1459-1553,1523.jpg",0
"./images/peascription-out/images/notplant/15-6-1-orig-0-1469,2332-1533,2396.jpg",0
"./images/peascription-out/images/notplant/15-6-1-orig-0-2295,7646-2359,7710.jpg",0
"./images/peascription-out/images/notplant/15-6-1-orig-0-1688,11749-1752,11813.jpg",0
"./images/peascription-out/images/notplant/15-6-1-orig-0-318,15628-382,15692.jpg",0
"./images/peascription-out/images/notplant/15-6-1-orig-0-49,15202-113,15266.jpg",0
"./images/peascription-out/images/notplant/15-6-1-orig-0-1211,16576-1275,16640.jpg",0
"./images/peascription-out/images/notplant/15-6-1-orig-0-1785,3841-1849,3905.jpg",0
"./images/peascription-out/images/notplant/15-6-1-orig-0-1423,8488-1487,8552.jpg",0
"./images/peascription-out/images/notplant/15-6-1-orig-0-2020,15279-2084,15343.jpg",0
"./images/peascription-out/images/notplant/15-6-1-orig-0-1723,11041-1787,11105.jpg",0
"./images/peascription-out/images/notplant/15-6-1-orig-0-2142,6287-2206,6351.jpg",0
"./images/peascription-out/images/notplant/15-6-1-orig-0-1043,15893-1107,15957.jpg",0
"./images/peascription-out/images/notplant/15-6-1-orig-0-2244,8798-2308,8862.jpg",0
"./images/peascription-out/images/notplant/15-6-1-orig-0-1135,7030-1199,7094.jpg",0
"./images/peascription-out/images/notplant/15-6-1-orig-0-2164,16678-2228,16742.jpg",0
"./images/peascription-out/images/notplant/15-6-1-orig-0-1321,1754-1385,1818.jpg",0
"./images/peascription-out/images/notplant/15-6-1-orig-0-1488,15357-1552,15421.jpg",0
"./images/peascription-out/images/notplant/15-6-1-orig-0-2199,10887-2263,10951.jpg",0
"./images/peascription-out/images/notplant/15-6-1-orig-0-1750,6889-1814,6953.jpg",0
"./images/peascription-out/images/notplant/15-6-1-orig-0-1542,9434-1606,9498.jpg",0
"./images/peascription-out/images/notplant/15-6-1-orig-0-1265,10732-1329,10796.jpg",0
"./images/peascription-out/images/notplant/15-6-1-orig-0-1314,359-1378,423.jpg",0
"./images/peascription-out/images/notplant/15-6-1-orig-0-2126,16461-2190,16525.jpg",0
"./images/peascription-out/images/notplant/15-6-1-orig-0-205,28-269,92.jpg",0
"./images/peascription-out/images/notplant/15-6-1-orig-0-740,1210-804,1274.jpg",0
"./images/peascription-out/images/notplant/15-6-1-orig-0-128,4831-192,4895.jpg",0
"./images/peascription-out/images/notplant/15-6-1-orig-0-553,12370-617,12434.jpg",0
"./images/peascription-out/images/notplant/15-6-1-orig-0-672,258-736,322.jpg",0
"./images/peascription-out/images/notplant/15-6-1-orig-0-343,16985-407,17049.jpg",0
"./images/peascription-out/images/notplant/15-6-1-orig-0-1599,15122-1663,15186.jpg",0
"./images/peascription-out/images/notplant/15-6-1-orig-0-575,9585-639,9649.jpg",0
"./images/peascription-out/images/notplant/15-6-1-orig-0-791,9487-855,9551.jpg",0
"./images/peascription-out/images/notplant/15-6-1-orig-0-1259,8738-1323,8802.jpg",0
"./images/peascription-out/images/notplant/15-6-1-orig-0-784,4810-848,4874.jpg",0
"./images/peascription-out/images/notplant/15-6-1-orig-0-847,12093-911,12157.jpg",0
"./images/peascription-out/images/notplant/15-6-1-orig-0-1477,6969-1541,7033.jpg",0
"./images/peascription-out/images/notplant/15-6-1-orig-0-236,13529-300,13593.jpg",0
"./images/peascription-out/images/notplant/15-6-1-orig-0-1493,7849-1557,7913.jpg",0
"./images/peascription-out/images/notplant/15-6-1-orig-0-610,13578-674,13642.jpg",0
"./images/peascription-out/images/notplant/15-6-1-orig-0-1623,11990-1687,12054.jpg",0
"./images/peascription-out/images/notplant/15-6-1-orig-0-296,16281-360,16345.jpg",0
"./images/peascription-out/images/notplant/15-6-1-orig-0-1902,1039-1966,1103.jpg",0
"./images/peascription-out/images/notplant/15-6-1-orig-0-189,13638-253,13702.jpg",0
"./images/peascription-out/images/notplant/15-6-1-orig-0-1181,8461-1245,8525.jpg",0
"./images/peascription-out/images/notplant/15-6-1-orig-0-1602,12878-1666,12942.jpg",0
"./images/peascription-out/images/notplant/15-6-1-orig-0-628,1620-692,1684.jpg",0
"./images/peascription-out/images/notplant/15-6-1-orig-0-1001,5651-1065,5715.jpg",0
"./images/peascription-out/images/notplant/15-6-1-orig-0-1279,6005-1343,6069.jpg",0
"./images/peascription-out/images/notplant/15-6-1-orig-0-1727,1731-1791,1795.jpg",0
"./images/peascription-out/images/notplant/15-6-1-orig-0-787,15799-851,15863.jpg",0
"./images/peascription-out/images/notplant/15-6-1-orig-0-1770,13151-1834,13215.jpg",0
"./images/peascription-out/images/notplant/15-6-1-orig-0-2029,5431-2093,5495.jpg",0
"./images/peascription-out/images/notplant/15-6-1-orig-0-82,99-146,163.jpg",0
"./images/peascription-out/images/notplant/15-6-1-orig-0-599,203-663,267.jpg",0
"./images/peascription-out/images/notplant/15-6-1-orig-0-1649,5480-1713,5544.jpg",0
"./images/peascription-out/images/notplant/15-6-1-orig-0-427,9412-491,9476.jpg",0
"./images/peascription-out/images/notplant/15-6-1-orig-0-1649,1041-1713,1105.jpg",0
"./images/peascription-out/images/notplant/15-6-1-orig-0-1695,9834-1759,9898.jpg",0
"./images/peascription-out/images/notplant/15-6-1-orig-0-237,5930-301,5994.jpg",0
"./images/peascription-out/images/notplant/15-6-1-orig-0-2065,804-2129,868.jpg",0
"./images/peascription-out/images/notplant/15-6-1-orig-0-1951,9362-2015,9426.jpg",0
"./images/peascription-out/images/notplant/15-6-1-orig-0-752,11674-816,11738.jpg",0
"./images/peascription-out/images/notplant/15-6-1-orig-0-1753,3125-1817,3189.jpg",0
"./images/peascription-out/images/notplant/15-6-1-orig-0-2092,12561-2156,12625.jpg",0
"./images/peascription-out/images/notplant/15-6-1-orig-0-1504,12664-1568,12728.jpg",0
"./images/peascription-out/images/notplant/15-6-1-orig-0-304,3426-368,3490.jpg",0
"./images/peascription-out/images/notplant/15-6-1-orig-0-1393,9458-1457,9522.jpg",0
"./images/peascription-out/images/notplant/15-6-1-orig-0-1766,21-1830,85.jpg",0
"./images/peascription-out/images/notplant/15-6-1-orig-0-144,8413-208,8477.jpg",0
"./images/peascription-out/images/notplant/15-6-1-orig-0-425,9838-489,9902.jpg",0
"./images/peascription-out/images/notplant/15-6-1-orig-0-199,11455-263,11519.jpg",0
"./images/peascription-out/images/notplant/15-6-1-orig-0-1684,16289-1748,16353.jpg",0
"./images/peascription-out/images/notplant/15-6-1-orig-0-28,11980-92,12044.jpg",0
"./images/peascription-out/images/notplant/15-6-1-orig-0-1062,4396-1126,4460.jpg",0
"./images/peascription-out/images/notplant/15-6-1-orig-0-934,3676-998,3740.jpg",0
"./images/peascription-out/images/notplant/15-6-1-orig-0-2005,6260-2069,6324.jpg",0
"./images/peascription-out/images/notplant/15-6-1-orig-0-1285,15553-1349,15617.jpg",0
"./images/peascription-out/images/notplant/15-6-1-orig-0-1458,8615-1522,8679.jpg",0
"./images/peascription-out/images/notplant/15-6-1-orig-0-1265,10228-1329,10292.jpg",0
"./images/peascription-out/images/notplant/15-6-1-orig-0-432,3003-496,3067.jpg",0
"./images/peascription-out/images/notplant/15-6-1-orig-0-842,16266-906,16330.jpg",0
"./images/peascription-out/images/notplant/15-6-1-orig-0-2138,14751-2202,14815.jpg",0
"./images/peascription-out/images/notplant/15-6-1-orig-0-1854,2368-1918,2432.jpg",0
"./images/peascription-out/images/notplant/15-6-1-orig-0-1123,3769-1187,3833.jpg",0
"./images/peascription-out/images/notplant/15-6-1-orig-0-727,10751-791,10815.jpg",0
"./images/peascription-out/images/notplant/15-6-1-orig-0-787,9250-851,9314.jpg",0
"./images/peascription-out/images/notplant/15-6-1-orig-0-1646,5167-1710,5231.jpg",0
"./images/peascription-out/images/notplant/15-6-1-orig-0-2272,15278-2336,15342.jpg",0
"./images/peascription-out/images/notplant/15-6-1-orig-0-2139,5177-2203,5241.jpg",0
"./images/peascription-out/images/notplant/15-6-1-orig-0-1140,10735-1204,10799.jpg",0
"./images/peascription-out/images/notplant/15-6-1-orig-0-2005,3452-2069,3516.jpg",0
"./images/peascription-out/images/notplant/15-6-1-orig-0-1700,6101-1764,6165.jpg",0
"./images/peascription-out/images/notplant/15-6-1-orig-0-2099,15912-2163,15976.jpg",0
"./images/peascription-out/images/notplant/15-6-1-orig-0-130,11679-194,11743.jpg",0
"./images/peascription-out/images/notplant/15-6-1-orig-0-919,9509-983,9573.jpg",0
"./images/peascription-out/images/notplant/15-6-1-orig-0-546,13642-610,13706.jpg",0
"./images/peascription-out/images/notplant/15-6-1-orig-0-1366,13907-1430,13971.jpg",0
"./images/peascription-out/images/notplant/15-6-1-orig-0-857,2568-921,2632.jpg",0
"./images/peascription-out/images/notplant/15-6-1-orig-0-320,9051-384,9115.jpg",0
"./images/peascription-out/images/notplant/15-6-1-orig-0-2100,1598-2164,1662.jpg",0
"./images/peascription-out/images/notplant/15-6-1-orig-0-385,5540-449,5604.jpg",0
"./images/peascription-out/images/notplant/15-6-1-orig-0-360,13642-424,13706.jpg",0
"./images/peascription-out/images/notplant/15-6-1-orig-0-62,9448-126,9512.jpg",0
"./images/peascription-out/images/notplant/15-6-1-orig-0-58,16180-122,16244.jpg",0
"./images/peascription-out/images/notplant/15-6-1-orig-0-2079,14939-2143,15003.jpg",0
"./images/peascription-out/images/notplant/15-6-1-orig-0-212,4981-276,5045.jpg",0
"./images/peascription-out/images/notplant/15-6-1-orig-0-1393,4037-1457,4101.jpg",0
"./images/peascription-out/images/notplant/15-6-1-orig-0-1970,10293-2034,10357.jpg",0
"./images/peascription-out/images/notplant/15-6-1-orig-0-2249,7231-2313,7295.jpg",0
"./images/peascription-out/images/notplant/15-6-1-orig-0-1669,15051-1733,15115.jpg",0
"./images/peascription-out/images/notplant/15-6-1-orig-0-204,13065-268,13129.jpg",0
"./images/peascription-out/images/notplant/15-6-1-orig-0-678,11476-742,11540.jpg",0
"./images/peascription-out/images/notplant/15-6-1-orig-0-651,4244-715,4308.jpg",0
"./images/peascription-out/images/notplant/15-6-1-orig-0-75,15100-139,15164.jpg",0
"./images/peascription-out/images/notplant/15-6-1-orig-0-1209,4796-1273,4860.jpg",0
"./images/peascription-out/images/notplant/15-6-1-orig-0-11,1650-75,1714.jpg",0
"./images/peascription-out/images/notplant/15-6-1-orig-0-370,7316-434,7380.jpg",0
"./images/peascription-out/images/notplant/15-6-1-orig-0-1729,7186-1793,7250.jpg",0
"./images/peascription-out/images/notplant/15-6-1-orig-0-24,16817-88,16881.jpg",0
"./images/peascription-out/images/notplant/15-6-1-orig-0-1878,16124-1942,16188.jpg",0
"./images/peascription-out/images/notplant/15-6-1-orig-0-2311,14977-2375,15041.jpg",0
"./images/peascription-out/images/notplant/15-6-1-orig-0-2145,9056-2209,9120.jpg",0
"./images/peascription-out/images/notplant/15-6-1-orig-0-1268,15485-1332,15549.jpg",0
"./images/peascription-out/images/notplant/15-6-1-orig-0-2006,4639-2070,4703.jpg",0
"./images/peascription-out/images/notplant/15-6-1-orig-0-1977,3720-2041,3784.jpg",0
"./images/peascription-out/images/notplant/15-6-1-orig-0-328,3609-392,3673.jpg",0
"./images/peascription-out/images/notplant/15-6-1-orig-0-322,2374-386,2438.jpg",0
"./images/peascription-out/images/notplant/15-6-1-orig-0-315,9719-379,9783.jpg",0
"./images/peascription-out/images/notplant/15-6-1-orig-0-1669,12160-1733,12224.jpg",0
"./images/peascription-out/images/notplant/15-6-1-orig-0-2187,13782-2251,13846.jpg",0
"./images/peascription-out/images/notplant/15-6-1-orig-0-332,2960-396,3024.jpg",0
"./images/peascription-out/images/notplant/15-6-1-orig-0-909,9822-973,9886.jpg",0
"./images/peascription-out/images/notplant/15-6-1-orig-0-1842,9369-1906,9433.jpg",0
"./images/peascription-out/images/notplant/15-6-1-orig-0-835,1653-899,1717.jpg",0
"./images/peascription-out/images/notplant/15-6-1-orig-0-1563,16718-1627,16782.jpg",0
"./images/peascription-out/images/notplant/15-6-1-orig-0-2233,3971-2297,4035.jpg",0
"./images/peascription-out/images/notplant/15-6-1-orig-0-1095,6054-1159,6118.jpg",0
"./images/peascription-out/images/notplant/15-6-1-orig-0-951,12323-1015,12387.jpg",0
"./images/peascription-out/images/notplant/15-6-1-orig-0-582,8133-646,8197.jpg",0
"./images/peascription-out/images/notplant/15-6-1-orig-0-557,13261-621,13325.jpg",0
"./images/peascription-out/images/notplant/15-6-1-orig-0-1598,11280-1662,11344.jpg",0
"./images/peascription-out/images/notplant/15-6-1-orig-0-1606,6436-1670,6500.jpg",0
"./images/peascription-out/images/notplant/15-6-1-orig-0-330,6872-394,6936.jpg",0
"./images/peascription-out/images/notplant/15-6-1-orig-0-679,398-743,462.jpg",0
"./images/peascription-out/images/notplant/15-6-1-orig-0-1306,2671-1370,2735.jpg",0
"./images/peascription-out/images/notplant/15-6-1-orig-0-1126,16378-1190,16442.jpg",0
"./images/peascription-out/images/notplant/15-6-1-orig-0-474,12341-538,12405.jpg",0
"./images/peascription-out/images/notplant/15-6-1-orig-0-1474,8996-1538,9060.jpg",0
"./images/peascription-out/images/notplant/15-6-1-orig-0-1103,2907-1167,2971.jpg",0
"./images/peascription-out/images/notplant/15-6-1-orig-0-1910,11899-1974,11963.jpg",0
"./images/peascription-out/images/notplant/15-6-1-orig-0-106,4092-170,4156.jpg",0
"./images/peascription-out/images/notplant/15-6-1-orig-0-689,8789-753,8853.jpg",0
"./images/peascription-out/images/notplant/15-6-1-orig-0-1420,15551-1484,15615.jpg",0
"./images/peascription-out/images/notplant/15-6-1-orig-0-770,2046-834,2110.jpg",0
"./images/peascription-out/images/notplant/15-6-1-orig-0-1212,11474-1276,11538.jpg",0
"./images/peascription-out/images/notplant/15-6-1-orig-0-786,13266-850,13330.jpg",0
"./images/peascription-out/images/notplant/15-6-1-orig-0-807,8047-871,8111.jpg",0
"./images/peascription-out/images/notplant/15-6-1-orig-0-1230,4679-1294,4743.jpg",0
"./images/peascription-out/images/notplant/15-6-1-orig-0-1876,13915-1940,13979.jpg",0
"./images/peascription-out/images/notplant/15-6-1-orig-0-868,5729-932,5793.jpg",0
"./images/peascription-out/images/notplant/15-6-1-orig-0-821,7284-885,7348.jpg",0
"./images/peascription-out/images/notplant/15-6-1-orig-0-2038,2131-2102,2195.jpg",0
"./images/peascription-out/images/notplant/15-6-1-orig-0-1210,6697-1274,6761.jpg",0
"./images/peascription-out/images/notplant/15-6-1-orig-0-5,12215-69,12279.jpg",0
"./images/peascription-out/images/notplant/15-6-1-orig-0-1714,15123-1778,15187.jpg",0
"./images/peascription-out/images/notplant/15-6-1-orig-0-1755,11643-1819,11707.jpg",0
"./images/peascription-out/images/notplant/15-6-1-orig-0-1712,7645-1776,7709.jpg",0
"./images/peascription-out/images/notplant/15-6-1-orig-0-1596,2847-1660,2911.jpg",0
"./images/peascription-out/images/notplant/15-6-1-orig-0-398,12483-462,12547.jpg",0
"./images/peascription-out/images/notplant/15-6-1-orig-0-1277,3743-1341,3807.jpg",0
"./images/peascription-out/images/notplant/15-6-1-orig-0-305,3943-369,4007.jpg",0
"./images/peascription-out/images/notplant/15-6-1-orig-0-2263,16984-2327,17048.jpg",0
"./images/peascription-out/images/notplant/15-6-1-orig-0-53,9571-117,9635.jpg",0
"./images/peascription-out/images/notplant/15-6-1-orig-0-246,12485-310,12549.jpg",0
"./images/peascription-out/images/notplant/15-6-1-orig-0-2032,5691-2096,5755.jpg",0
"./images/peascription-out/images/notplant/15-6-1-orig-0-1528,13000-1592,13064.jpg",0
"./images/peascription-out/images/notplant/15-6-1-orig-0-1545,13503-1609,13567.jpg",0
"./images/peascription-out/images/notplant/15-6-1-orig-0-1723,16750-1787,16814.jpg",0
"./images/peascription-out/images/notplant/15-6-1-orig-0-1200,12357-1264,12421.jpg",0
"./images/peascription-out/images/notplant/15-6-1-orig-0-1565,2329-1629,2393.jpg",0
"./images/peascription-out/images/notplant/15-6-1-orig-0-1557,178-1621,242.jpg",0
"./images/peascription-out/images/notplant/15-6-1-orig-0-694,11140-758,11204.jpg",0
"./images/peascription-out/images/notplant/15-6-1-orig-0-474,1991-538,2055.jpg",0
"./images/peascription-out/images/notplant/15-6-1-orig-0-629,11949-693,12013.jpg",0
"./images/peascription-out/images/notplant/15-6-1-orig-0-1505,15014-1569,15078.jpg",0
"./images/peascription-out/images/notplant/15-6-1-orig-0-2176,1445-2240,1509.jpg",0
"./images/peascription-out/images/notplant/15-6-1-orig-0-1964,16791-2028,16855.jpg",0
"./images/peascription-out/images/notplant/15-6-1-orig-0-224,3194-288,3258.jpg",0
"./images/peascription-out/images/notplant/15-6-1-orig-0-2214,9272-2278,9336.jpg",0
"./images/peascription-out/images/notplant/15-6-1-orig-0-954,16419-1018,16483.jpg",0
"./images/peascription-out/images/notplant/15-6-1-orig-0-1028,9694-1092,9758.jpg",0
"./images/peascription-out/images/notplant/15-6-1-orig-0-1762,14091-1826,14155.jpg",0
"./images/peascription-out/images/notplant/15-6-1-orig-0-1953,15952-2017,16016.jpg",0
"./images/peascription-out/images/notplant/15-6-1-orig-0-307,16709-371,16773.jpg",0
"./images/peascription-out/images/notplant/15-6-1-orig-0-1522,16217-1586,16281.jpg",0
"./images/peascription-out/images/notplant/15-6-1-orig-0-201,14240-265,14304.jpg",0
"./images/peascription-out/images/notplant/15-6-1-orig-0-707,4341-771,4405.jpg",0
"./images/peascription-out/images/notplant/15-6-1-orig-0-1723,10498-1787,10562.jpg",0
"./images/peascription-out/images/notplant/15-6-1-orig-0-1043,694-1107,758.jpg",0
"./images/peascription-out/images/notplant/15-6-1-orig-0-1572,9693-1636,9757.jpg",0
"./images/peascription-out/images/notplant/15-6-1-orig-0-1127,790-1191,854.jpg",0
"./images/peascription-out/images/notplant/15-6-1-orig-0-934,12447-998,12511.jpg",0
"./images/peascription-out/images/notplant/15-6-1-orig-0-1544,6999-1608,7063.jpg",0
"./images/peascription-out/images/notplant/15-6-1-orig-0-2147,6059-2211,6123.jpg",0
"./images/peascription-out/images/notplant/15-6-1-orig-0-293,5093-357,5157.jpg",0
"./images/peascription-out/images/notplant/15-6-1-orig-0-1492,5266-1556,5330.jpg",0
"./images/peascription-out/images/notplant/15-6-1-orig-0-920,16792-984,16856.jpg",0
"./images/peascription-out/images/notplant/15-6-1-orig-0-1892,9281-1956,9345.jpg",0
"./images/peascription-out/images/notplant/15-6-1-orig-0-279,6780-343,6844.jpg",0
"./images/peascription-out/images/notplant/15-6-1-orig-0-101,6748-165,6812.jpg",0
"./images/peascription-out/images/notplant/15-6-1-orig-0-121,7386-185,7450.jpg",0
"./images/peascription-out/images/notplant/15-6-1-orig-0-620,4418-684,4482.jpg",0
"./images/peascription-out/images/notplant/15-6-1-orig-0-1991,1526-2055,1590.jpg",0
"./images/peascription-out/images/notplant/15-6-1-orig-0-1321,13617-1385,13681.jpg",0
"./images/peascription-out/images/notplant/15-6-1-orig-0-1623,13027-1687,13091.jpg",0
"./images/peascription-out/images/notplant/15-6-1-orig-0-1056,15122-1120,15186.jpg",0
"./images/peascription-out/images/notplant/15-6-1-orig-0-1889,11434-1953,11498.jpg",0
"./images/peascription-out/images/notplant/15-6-1-orig-0-1204,16702-1268,16766.jpg",0
"./images/peascription-out/images/notplant/15-6-1-orig-0-133,15466-197,15530.jpg",0
"./images/peascription-out/images/notplant/15-6-1-orig-0-379,3461-443,3525.jpg",0
"./images/peascription-out/images/notplant/15-6-1-orig-0-620,8726-684,8790.jpg",0
"./images/peascription-out/images/notplant/15-6-1-orig-0-342,3778-406,3842.jpg",0
"./images/peascription-out/images/notplant/15-6-1-orig-0-212,7782-276,7846.jpg",0
"./images/peascription-out/images/notplant/15-6-1-orig-0-915,2909-979,2973.jpg",0
"./images/peascription-out/images/notplant/15-6-1-orig-0-29,11633-93,11697.jpg",0
"./images/peascription-out/images/notplant/15-6-1-orig-0-1508,2493-1572,2557.jpg",0
"./images/peascription-out/images/notplant/15-6-1-orig-0-388,8155-452,8219.jpg",0
"./images/peascription-out/images/notplant/15-6-1-orig-0-813,3867-877,3931.jpg",0
"./images/peascription-out/images/notplant/15-6-1-orig-0-1996,14148-2060,14212.jpg",0
"./images/peascription-out/images/notplant/15-6-1-orig-0-2272,14902-2336,14966.jpg",0
"./images/peascription-out/images/notplant/15-6-1-orig-0-395,12991-459,13055.jpg",0
"./images/peascription-out/images/notplant/15-6-1-orig-0-771,15702-835,15766.jpg",0
"./images/peascription-out/images/notplant/15-6-1-orig-0-1527,13650-1591,13714.jpg",0
"./images/peascription-out/images/notplant/15-6-1-orig-0-1469,5017-1533,5081.jpg",0
"./images/peascription-out/images/notplant/15-6-1-orig-0-753,4080-817,4144.jpg",0
"./images/peascription-out/images/notplant/15-6-1-orig-0-2232,9605-2296,9669.jpg",0
"./images/peascription-out/images/notplant/15-6-1-orig-0-1527,12490-1591,12554.jpg",0
"./images/peascription-out/images/notplant/15-6-1-orig-0-1517,4776-1581,4840.jpg",0
"./images/peascription-out/images/notplant/15-6-1-orig-0-380,932-444,996.jpg",0
"./images/peascription-out/images/notplant/15-6-1-orig-0-1808,13561-1872,13625.jpg",0
"./images/peascription-out/images/notplant/15-6-1-orig-0-1367,1923-1431,1987.jpg",0
"./images/peascription-out/images/notplant/15-6-1-orig-0-2250,10397-2314,10461.jpg",0
"./images/peascription-out/images/notplant/15-6-1-orig-0-1006,8756-1070,8820.jpg",0
"./images/peascription-out/images/notplant/15-6-1-orig-0-1939,4326-2003,4390.jpg",0
"./images/peascription-out/images/notplant/15-6-1-orig-0-1836,8483-1900,8547.jpg",0
"./images/peascription-out/images/notplant/15-6-1-orig-0-1898,1375-1962,1439.jpg",0
"./images/peascription-out/images/notplant/15-6-1-orig-0-1051,16191-1115,16255.jpg",0
"./images/peascription-out/images/notplant/15-6-1-orig-0-338,15008-402,15072.jpg",0
"./images/peascription-out/images/notplant/15-6-1-orig-0-1618,13127-1682,13191.jpg",0
"./images/peascription-out/images/notplant/15-6-1-orig-0-205,6343-269,6407.jpg",0
"./images/peascription-out/images/notplant/15-6-1-orig-0-1076,4257-1140,4321.jpg",0
"./images/peascription-out/images/notplant/15-6-1-orig-0-37,1396-101,1460.jpg",0
"./images/peascription-out/images/notplant/15-6-1-orig-0-478,7804-542,7868.jpg",0
"./images/peascription-out/images/notplant/15-6-1-orig-0-900,869-964,933.jpg",0
"./images/peascription-out/images/notplant/15-6-1-orig-0-1113,6754-1177,6818.jpg",0
"./images/peascription-out/images/notplant/15-6-1-orig-0-925,90-989,154.jpg",0
"./images/peascription-out/images/notplant/15-6-1-orig-0-692,555-756,619.jpg",0
"./images/peascription-out/images/notplant/15-6-1-orig-0-1204,9203-1268,9267.jpg",0
"./images/peascription-out/images/notplant/15-6-1-orig-0-1761,10318-1825,10382.jpg",0
"./images/peascription-out/images/notplant/15-6-1-orig-0-1454,1662-1518,1726.jpg",0
"./images/peascription-out/images/notplant/15-6-1-orig-0-1367,9359-1431,9423.jpg",0
"./images/peascription-out/images/notplant/15-6-1-orig-0-1171,2811-1235,2875.jpg",0
"./images/peascription-out/images/notplant/15-6-1-orig-0-446,8508-510,8572.jpg",0
"./images/peascription-out/images/notplant/15-6-1-orig-0-1140,10047-1204,10111.jpg",0
"./images/peascription-out/images/notplant/15-6-1-orig-0-769,16901-833,16965.jpg",0
"./images/peascription-out/images/notplant/15-6-1-orig-0-1960,9891-2024,9955.jpg",0
"./images/peascription-out/images/notplant/15-6-1-orig-0-1948,8402-2012,8466.jpg",0
"./images/peascription-out/images/notplant/15-6-1-orig-0-2141,1927-2205,1991.jpg",0
"./images/peascription-out/images/notplant/15-6-1-orig-0-1175,16924-1239,16988.jpg",0
"./images/peascription-out/images/notplant/15-6-1-orig-0-696,9759-760,9823.jpg",0
"./images/peascription-out/images/notplant/15-6-1-orig-0-511,8129-575,8193.jpg",0
"./images/peascription-out/images/notplant/15-6-1-orig-0-496,7490-560,7554.jpg",0
"./images/peascription-out/images/notplant/15-6-1-orig-0-1932,16416-1996,16480.jpg",0
"./images/peascription-out/images/notplant/15-6-1-orig-0-1023,8857-1087,8921.jpg",0
"./images/peascription-out/images/notplant/15-6-1-orig-0-792,10885-856,10949.jpg",0
"./images/peascription-out/images/notplant/15-6-1-orig-0-1569,5852-1633,5916.jpg",0
"./images/peascription-out/images/notplant/15-6-1-orig-0-1539,3266-1603,3330.jpg",0
"./images/peascription-out/images/notplant/15-6-1-orig-0-589,8340-653,8404.jpg",0
"./images/peascription-out/images/notplant/15-6-1-orig-0-1609,7120-1673,7184.jpg",0
"./images/peascription-out/images/notplant/15-6-1-orig-0-568,5433-632,5497.jpg",0
"./images/peascription-out/images/notplant/15-6-1-orig-0-587,700-651,764.jpg",0
"./images/peascription-out/images/notplant/15-6-1-orig-0-1253,10559-1317,10623.jpg",0
"./images/peascription-out/images/notplant/15-6-1-orig-0-787,8978-851,9042.jpg",0
"./images/peascription-out/images/notplant/15-6-1-orig-0-778,14072-842,14136.jpg",0
"./images/peascription-out/images/notplant/15-6-1-orig-0-1467,13834-1531,13898.jpg",0
"./images/peascription-out/images/notplant/15-6-1-orig-0-698,13426-762,13490.jpg",0
"./images/peascription-out/images/notplant/15-6-1-orig-0-1922,6245-1986,6309.jpg",0
"./images/peascription-out/images/notplant/15-6-1-orig-0-1576,13860-1640,13924.jpg",0
"./images/peascription-out/images/notplant/15-6-1-orig-0-225,8848-289,8912.jpg",0
"./images/peascription-out/images/notplant/15-6-1-orig-0-2099,3997-2163,4061.jpg",0
"./images/peascription-out/images/notplant/15-6-1-orig-0-1057,8692-1121,8756.jpg",0
"./images/peascription-out/images/notplant/15-6-1-orig-0-2170,15500-2234,15564.jpg",0
"./images/peascription-out/images/notplant/15-6-1-orig-0-807,7837-871,7901.jpg",0
"./images/peascription-out/images/notplant/15-6-1-orig-0-1090,9388-1154,9452.jpg",0
"./images/peascription-out/images/notplant/15-6-1-orig-0-310,8182-374,8246.jpg",0
"./images/peascription-out/images/notplant/15-6-1-orig-0-289,7606-353,7670.jpg",0
"./images/peascription-out/images/notplant/15-6-1-orig-0-2146,7994-2210,8058.jpg",0
"./images/peascription-out/images/notplant/15-6-1-orig-0-818,4503-882,4567.jpg",0
"./images/peascription-out/images/notplant/15-6-1-orig-0-1269,4525-1333,4589.jpg",0
"./images/peascription-out/images/notplant/15-6-1-orig-0-851,3661-915,3725.jpg",0
"./images/peascription-out/images/notplant/15-6-1-orig-0-544,7566-608,7630.jpg",0
"./images/peascription-out/images/notplant/15-6-1-orig-0-730,6802-794,6866.jpg",0
"./images/peascription-out/images/notplant/15-6-1-orig-0-638,8265-702,8329.jpg",0
"./images/peascription-out/images/notplant/15-6-1-orig-0-233,1422-297,1486.jpg",0
"./images/peascription-out/images/notplant/15-6-1-orig-0-1037,16318-1101,16382.jpg",0
"./images/peascription-out/images/notplant/15-6-1-orig-0-1391,4480-1455,4544.jpg",0
"./images/peascription-out/images/notplant/15-6-1-orig-0-499,967-563,1031.jpg",0
"./images/peascription-out/images/notplant/15-6-1-orig-0-2034,16289-2098,16353.jpg",0
"./images/peascription-out/images/notplant/15-6-1-orig-0-1261,1155-1325,1219.jpg",0
"./images/peascription-out/images/notplant/15-6-1-orig-0-82,2346-146,2410.jpg",0
"./images/peascription-out/images/notplant/15-6-1-orig-0-1247,15794-1311,15858.jpg",0
"./images/peascription-out/images/notplant/15-6-1-orig-0-1479,8854-1543,8918.jpg",0
"./images/peascription-out/images/notplant/15-6-1-orig-0-1654,14642-1718,14706.jpg",0
"./images/peascription-out/images/notplant/15-6-1-orig-0-2043,11537-2107,11601.jpg",0
"./images/peascription-out/images/notplant/15-6-1-orig-0-1082,6194-1146,6258.jpg",0
"./images/peascription-out/images/notplant/15-6-1-orig-0-1867,6578-1931,6642.jpg",0
"./images/peascription-out/images/notplant/15-6-1-orig-0-1987,12396-2051,12460.jpg",0
"./images/peascription-out/images/notplant/15-6-1-orig-0-1661,9550-1725,9614.jpg",0
"./images/peascription-out/images/notplant/15-6-1-orig-0-1139,14981-1203,15045.jpg",0
"./images/peascription-out/images/notplant/15-6-1-orig-0-295,1796-359,1860.jpg",0
"./images/peascription-out/images/notplant/15-6-1-orig-0-355,346-419,410.jpg",0
"./images/peascription-out/images/notplant/15-6-1-orig-0-1095,2241-1159,2305.jpg",0
"./images/peascription-out/images/notplant/15-6-1-orig-0-431,10176-495,10240.jpg",0
"./images/peascription-out/images/notplant/15-6-1-orig-0-1345,4621-1409,4685.jpg",0
"./images/peascription-out/images/notplant/15-6-1-orig-0-1162,5629-1226,5693.jpg",0
"./images/peascription-out/images/notplant/15-6-1-orig-0-276,13213-340,13277.jpg",0
"./images/peascription-out/images/notplant/15-6-1-orig-0-625,9042-689,9106.jpg",0
"./images/peascription-out/images/notplant/15-6-1-orig-0-2132,12238-2196,12302.jpg",0
"./images/peascription-out/images/notplant/15-6-1-orig-0-2299,16519-2363,16583.jpg",0
"./images/peascription-out/images/notplant/15-6-1-orig-0-221,15845-285,15909.jpg",0
"./images/peascription-out/images/notplant/15-6-1-orig-0-2275,14047-2339,14111.jpg",0
"./images/peascription-out/images/notplant/15-6-1-orig-0-1940,3295-2004,3359.jpg",0
"./images/peascription-out/images/notplant/15-6-1-orig-0-1888,9619-1952,9683.jpg",0
"./images/peascription-out/images/notplant/15-6-1-orig-0-2178,3819-2242,3883.jpg",0
"./images/peascription-out/images/notplant/15-6-1-orig-0-1543,6872-1607,6936.jpg",0
"./images/peascription-out/images/notplant/15-6-1-orig-0-811,2136-875,2200.jpg",0
"./images/peascription-out/images/notplant/15-6-1-orig-0-1890,262-1954,326.jpg",0
"./images/peascription-out/images/notplant/15-6-1-orig-0-1162,16152-1226,16216.jpg",0
"./images/peascription-out/images/notplant/15-6-1-orig-0-1481,15739-1545,15803.jpg",0
"./images/peascription-out/images/notplant/15-6-1-orig-0-1713,1948-1777,2012.jpg",0
"./images/peascription-out/images/notplant/15-6-1-orig-0-825,15391-889,15455.jpg",0
"./images/peascription-out/images/notplant/15-6-1-orig-0-396,8238-460,8302.jpg",0
